seniorAllocationBps,juniorCoverageFloorBps,recoveryRate,withdrawalSensitivity,correlationLevel,seniorImpairmentProbability,juniorDepletionProbability,breakerActivationFrequency,avgBreakerDuration,avgTimeToStabilization,avgJuniorNAVVolatility,avgSeniorNAVVolatility,capitalEfficiencyScore,waterfallViolationCount,negativeNavCount
6000,1000,0.30,LOW,LOW,0.000000,0.000000,0.000000,0.000000,0.000000,0.003688,0.000000,5.700000,0,0
6000,1000,0.30,LOW,MODERATE,0.000000,0.000000,0.000000,0.000000,0.000000,0.004541,0.000000,5.700000,0,0
6000,1000,0.30,LOW,CLUSTERED,0.000000,0.000000,0.000000,0.000000,0.000000,0.016504,0.000000,5.700000,0,0
6000,1000,0.30,MEDIUM,LOW,0.000000,0.000000,0.000000,0.000000,0.000000,0.003692,0.000000,5.700000,0,0
6000,1000,0.30,MEDIUM,MODERATE,0.000000,0.000000,0.000000,0.000000,0.000000,0.004572,0.000000,5.700000,0,0
6000,1000,0.30,MEDIUM,CLUSTERED,0.000000,0.000000,0.000000,0.000000,0.000000,0.016839,0.000000,5.700000,0,0
6000,1000,0.30,HIGH,LOW,0.000000,0.000000,0.000000,0.000000,0.000000,0.003651,0.000000,5.700000,0,0
6000,1000,0.30,HIGH,MODERATE,0.000000,0.000000,0.000000,0.000000,0.000000,0.004654,0.000000,5.700000,0,0
6000,1000,0.30,HIGH,CLUSTERED,0.000000,0.000000,0.000000,0.000000,0.000000,0.017215,0.000000,5.700000,0,0
6000,1000,0.40,LOW,LOW,0.000000,0.000000,0.000000,0.000000,0.000000,0.004287,0.000000,6.300000,0,0
6000,1000,0.40,LOW,MODERATE,0.000000,0.000000,0.000000,0.000000,0.000000,0.005388,0.000000,6.300000,0,0
6000,1000,0.40,LOW,CLUSTERED,0.000000,0.000000,0.000000,0.000000,0.000000,0.015499,0.000000,6.300000,0,0
6000,1000,0.40,MEDIUM,LOW,0.000000,0.000000,0.000000,0.000000,0.000000,0.004156,0.000000,6.300000,0,0
6000,1000,0.40,MEDIUM,MODERATE,0.000000,0.000000,0.000000,0.000000,0.000000,0.005435,0.000000,6.300000,0,0
6000,1000,0.40,MEDIUM,CLUSTERED,0.000000,0.000000,0.000000,0.000000,0.000000,0.015251,0.000000,6.300000,0,0
6000,1000,0.40,HIGH,LOW,0.000000,0.000000,0.000000,0.000000,0.000000,0.004163,0.000000,6.300000,0,0
6000,1000,0.40,HIGH,MODERATE,0.000000,0.000000,0.000000,0.000000,0.000000,0.005404,0.000000,6.300000,0,0
6000,1000,0.40,HIGH,CLUSTERED,0.000000,0.000000,0.000000,0.000000,0.000000,0.015686,0.000000,6.300000,0,0
6000,1000,0.50,LOW,LOW,0.000000,0.000000,0.000000,0.000000,0.000000,0.004673,0.000000,6.900000,0,0
6000,1000,0.50,LOW,MODERATE,0.000000,0.000000,0.000000,0.000000,0.000000,0.006264,0.000000,6.900000,0,0
6000,1000,0.50,LOW,CLUSTERED,0.000000,0.000000,0.000000,0.000000,0.000000,0.015059,0.000000,6.900000,0,0
6000,1000,0.50,MEDIUM,LOW,0.000000,0.000000,0.000000,0.000000,0.000000,0.004884,0.000000,6.900000,0,0
6000,1000,0.50,MEDIUM,MODERATE,0.000000,0.000000,0.000000,0.000000,0.000000,0.006174,0.000000,6.900000,0,0
6000,1000,0.50,MEDIUM,CLUSTERED,0.000000,0.000000,0.000000,0.000000,0.000000,0.015307,0.000000,6.900000,0,0
6000,1000,0.50,HIGH,LOW,0.000000,0.000000,0.000000,0.000000,0.000000,0.004750,0.000000,6.900000,0,0
6000,1000,0.50,HIGH,MODERATE,0.000000,0.000000,0.000000,0.000000,0.000000,0.006161,0.000000,6.900000,0,0
6000,1000,0.50,HIGH,CLUSTERED,0.000000,0.000000,0.000000,0.000000,0.000000,0.015709,0.000000,6.900000,0,0
6000,1000,0.60,LOW,LOW,0.000000,0.000000,0.000000,0.000000,0.000000,0.005135,0.000000,7.500000,0,0
6000,1000,0.60,LOW,MODERATE,0.000000,0.000000,0.000000,0.000000,0.000000,0.006673,0.000000,7.500000,0,0
6000,1000,0.60,LOW,CLUSTERED,0.000000,0.000000,0.000000,0.000000,0.000000,0.014405,0.000000,7.500000,0,0
6000,1000,0.60,MEDIUM,LOW,0.000000,0.000000,0.000000,0.000000,0.000000,0.005117,0.000000,7.500000,0,0
6000,1000,0.60,MEDIUM,MODERATE,0.000000,0.000000,0.000000,0.000000,0.000000,0.006815,0.000000,7.500000,0,0
6000,1000,0.60,MEDIUM,CLUSTERED,0.000000,0.000000,0.000000,0.000000,0.000000,0.014581,0.000000,7.500000,0,0
6000,1000,0.60,HIGH,LOW,0.000000,0.000000,0.000000,0.000000,0.000000,0.005088,0.000000,7.500000,0,0
6000,1000,0.60,HIGH,MODERATE,0.000000,0.000000,0.000000,0.000000,0.000000,0.006778,0.000000,7.500000,0,0
6000,1000,0.60,HIGH,CLUSTERED,0.000000,0.000000,0.000000,0.000000,0.000000,0.014601,0.000000,7.500000,0,0
6000,1500,0.30,LOW,LOW,0.000000,0.000000,0.000000,0.000000,0.000000,0.003703,0.000000,5.700000,0,0
6000,1500,0.30,LOW,MODERATE,0.000000,0.000000,0.000000,0.000000,0.000000,0.004683,0.000000,5.700000,0,0
6000,1500,0.30,LOW,CLUSTERED,0.000000,0.000000,0.000000,0.000000,0.000000,0.016651,0.000000,5.700000,0,0
6000,1500,0.30,MEDIUM,LOW,0.000000,0.000000,0.000000,0.000000,0.000000,0.003644,0.000000,5.700000,0,0
6000,1500,0.30,MEDIUM,MODERATE,0.000000,0.000000,0.000000,0.000000,0.000000,0.004626,0.000000,5.700000,0,0
6000,1500,0.30,MEDIUM,CLUSTERED,0.000000,0.000000,0.000000,0.000000,0.000000,0.016609,0.000000,5.700000,0,0
6000,1500,0.30,HIGH,LOW,0.000000,0.000000,0.000000,0.000000,0.000000,0.003701,0.000000,5.700000,0,0
6000,1500,0.30,HIGH,MODERATE,0.000000,0.000000,0.000000,0.000000,0.000000,0.004597,0.000000,5.700000,0,0
6000,1500,0.30,HIGH,CLUSTERED,0.000000,0.000000,0.000000,0.000000,0.000000,0.017100,0.000000,5.700000,0,0
6000,1500,0.40,LOW,LOW,0.000000,0.000000,0.000000,0.000000,0.000000,0.004223,0.000000,6.300000,0,0
6000,1500,0.40,LOW,MODERATE,0.000000,0.000000,0.000000,0.000000,0.000000,0.005319,0.000000,6.300000,0,0
6000,1500,0.40,LOW,CLUSTERED,0.000000,0.000000,0.000000,0.000000,0.000000,0.015284,0.000000,6.300000,0,0
6000,1500,0.40,MEDIUM,LOW,0.000000,0.000000,0.000000,0.000000,0.000000,0.004183,0.000000,6.300000,0,0
6000,1500,0.40,MEDIUM,MODERATE,0.000000,0.000000,0.000000,0.000000,0.000000,0.005387,0.000000,6.300000,0,0
6000,1500,0.40,MEDIUM,CLUSTERED,0.000000,0.000000,0.000000,0.000000,0.000000,0.015339,0.000000,6.300000,0,0
6000,1500,0.40,HIGH,LOW,0.000000,0.000000,0.000000,0.000000,0.000000,0.004171,0.000000,6.300000,0,0
6000,1500,0.40,HIGH,MODERATE,0.000000,0.000000,0.000000,0.000000,0.000000,0.005411,0.000000,6.300000,0,0
6000,1500,0.40,HIGH,CLUSTERED,0.000000,0.000000,0.000000,0.000000,0.000000,0.015713,0.000000,6.300000,0,0
6000,1500,0.50,LOW,LOW,0.000000,0.000000,0.000000,0.000000,0.000000,0.004793,0.000000,6.900000,0,0
6000,1500,0.50,LOW,MODERATE,0.000000,0.000000,0.000000,0.000000,0.000000,0.006236,0.000000,6.900000,0,0
6000,1500,0.50,LOW,CLUSTERED,0.000000,0.000000,0.000000,0.000000,0.000000,0.014828,0.000000,6.900000,0,0
6000,1500,0.50,MEDIUM,LOW,0.000000,0.000000,0.000000,0.000000,0.000000,0.004843,0.000000,6.900000,0,0
6000,1500,0.50,MEDIUM,MODERATE,0.000000,0.000000,0.000000,0.000000,0.000000,0.006210,0.000000,6.900000,0,0
6000,1500,0.50,MEDIUM,CLUSTERED,0.000000,0.000000,0.000000,0.000000,0.000000,0.014862,0.000000,6.900000,0,0
6000,1500,0.50,HIGH,LOW,0.000000,0.000000,0.000000,0.000000,0.000000,0.004696,0.000000,6.900000,0,0
6000,1500,0.50,HIGH,MODERATE,0.000000,0.000000,0.000000,0.000000,0.000000,0.006232,0.000000,6.900000,0,0
6000,1500,0.50,HIGH,CLUSTERED,0.000000,0.000000,0.000000,0.000000,0.000000,0.015047,0.000000,6.900000,0,0
6000,1500,0.60,LOW,LOW,0.000000,0.000000,0.000000,0.000000,0.000000,0.005177,0.000000,7.500000,0,0
6000,1500,0.60,LOW,MODERATE,0.000000,0.000000,0.000000,0.000000,0.000000,0.006744,0.000000,7.500000,0,0
6000,1500,0.60,LOW,CLUSTERED,0.000000,0.000000,0.000000,0.000000,0.000000,0.014528,0.000000,7.500000,0,0
6000,1500,0.60,MEDIUM,LOW,0.000000,0.000000,0.000000,0.000000,0.000000,0.005070,0.000000,7.500000,0,0
6000,1500,0.60,MEDIUM,MODERATE,0.000000,0.000000,0.000000,0.000000,0.000000,0.006719,0.000000,7.500000,0,0
6000,1500,0.60,MEDIUM,CLUSTERED,0.000000,0.000000,0.000000,0.000000,0.000000,0.014399,0.000000,7.500000,0,0
6000,1500,0.60,HIGH,LOW,0.000000,0.000000,0.000000,0.000000,0.000000,0.005146,0.000000,7.500000,0,0
6000,1500,0.60,HIGH,MODERATE,0.000000,0.000000,0.000000,0.000000,0.000000,0.006747,0.000000,7.500000,0,0
6000,1500,0.60,HIGH,CLUSTERED,0.000000,0.000000,0.000000,0.000000,0.000000,0.014479,0.000000,7.500000,0,0
6000,2000,0.30,LOW,LOW,0.000000,0.000000,0.000000,0.000000,0.000000,0.003678,0.000000,5.700000,0,0
6000,2000,0.30,LOW,MODERATE,0.000000,0.000000,0.000000,0.000000,0.000000,0.004663,0.000000,5.700000,0,0
6000,2000,0.30,LOW,CLUSTERED,0.000000,0.000000,0.000000,0.000000,0.000000,0.016543,0.000000,5.700000,0,0
6000,2000,0.30,MEDIUM,LOW,0.000000,0.000000,0.000000,0.000000,0.000000,0.003696,0.000000,5.700000,0,0
6000,2000,0.30,MEDIUM,MODERATE,0.000000,0.000000,0.000000,0.000000,0.000000,0.004571,0.000000,5.700000,0,0
6000,2000,0.30,MEDIUM,CLUSTERED,0.000000,0.000000,0.000000,0.000000,0.000000,0.016623,0.000000,5.700000,0,0
6000,2000,0.30,HIGH,LOW,0.000000,0.000000,0.000000,0.000000,0.000000,0.003783,0.000000,5.700000,0,0
6000,2000,0.30,HIGH,MODERATE,0.000000,0.000000,0.000000,0.000000,0.000000,0.004738,0.000000,5.700000,0,0
6000,2000,0.30,HIGH,CLUSTERED,0.000000,0.000000,0.000000,0.000000,0.000000,0.017090,0.000000,5.700000,0,0
6000,2000,0.40,LOW,LOW,0.000000,0.000000,0.000000,0.000000,0.000000,0.004113,0.000000,6.300000,0,0
6000,2000,0.40,LOW,MODERATE,0.000000,0.000000,0.000000,0.000000,0.000000,0.005477,0.000000,6.300000,0,0
6000,2000,0.40,LOW,CLUSTERED,0.000000,0.000000,0.000000,0.000000,0.000000,0.014954,0.000000,6.300000,0,0
6000,2000,0.40,MEDIUM,LOW,0.000000,0.000000,0.000000,0.000000,0.000000,0.004141,0.000000,6.300000,0,0
6000,2000,0.40,MEDIUM,MODERATE,0.000000,0.000000,0.000000,0.000000,0.000000,0.005428,0.000000,6.300000,0,0
6000,2000,0.40,MEDIUM,CLUSTERED,0.000000,0.000000,0.000000,0.000000,0.000000,0.015105,0.000000,6.300000,0,0
6000,2000,0.40,HIGH,LOW,0.000000,0.000000,0.000000,0.000000,0.000000,0.004155,0.000000,6.300000,0,0
6000,2000,0.40,HIGH,MODERATE,0.000000,0.000000,0.000000,0.000000,0.000000,0.005402,0.000000,6.300000,0,0
6000,2000,0.40,HIGH,CLUSTERED,0.000000,0.000000,0.000000,0.000000,0.000000,0.015518,0.000000,6.300000,0,0
6000,2000,0.50,LOW,LOW,0.000000,0.000000,0.000000,0.000000,0.000000,0.004858,0.000000,6.900000,0,0
6000,2000,0.50,LOW,MODERATE,0.000000,0.000000,0.000000,0.000000,0.000000,0.006155,0.000000,6.900000,0,0
6000,2000,0.50,LOW,CLUSTERED,0.000000,0.000000,0.000000,0.000000,0.000000,0.014820,0.000000,6.900000,0,0
6000,2000,0.50,MEDIUM,LOW,0.000000,0.000000,0.000000,0.000000,0.000000,0.004749,0.000000,6.900000,0,0
6000,2000,0.50,MEDIUM,MODERATE,0.000000,0.000000,0.000000,0.000000,0.000000,0.006331,0.000000,6.900000,0,0
6000,2000,0.50,MEDIUM,CLUSTERED,0.000000,0.000000,0.000000,0.000000,0.000000,0.014938,0.000000,6.900000,0,0
6000,2000,0.50,HIGH,LOW,0.000000,0.000000,0.000000,0.000000,0.000000,0.004834,0.000000,6.900000,0,0
6000,2000,0.50,HIGH,MODERATE,0.000000,0.000000,0.000000,0.000000,0.000000,0.006215,0.000000,6.900000,0,0
6000,2000,0.50,HIGH,CLUSTERED,0.000000,0.000000,0.000000,0.000000,0.000000,0.015131,0.000000,6.900000,0,0
6000,2000,0.60,LOW,LOW,0.000000,0.000000,0.000000,0.000000,0.000000,0.005068,0.000000,7.500000,0,0
6000,2000,0.60,LOW,MODERATE,0.000000,0.000000,0.000000,0.000000,0.000000,0.006743,0.000000,7.500000,0,0
6000,2000,0.60,LOW,CLUSTERED,0.000000,0.000000,0.000000,0.000000,0.000000,0.014474,0.000000,7.500000,0,0
6000,2000,0.60,MEDIUM,LOW,0.000000,0.000000,0.000000,0.000000,0.000000,0.005048,0.000000,7.500000,0,0
6000,2000,0.60,MEDIUM,MODERATE,0.000000,0.000000,0.000000,0.000000,0.000000,0.006670,0.000000,7.500000,0,0
6000,2000,0.60,MEDIUM,CLUSTERED,0.000000,0.000000,0.000000,0.000000,0.000000,0.014659,0.000000,7.500000,0,0
6000,2000,0.60,HIGH,LOW,0.000000,0.000000,0.000000,0.000000,0.000000,0.005089,0.000000,7.500000,0,0
6000,2000,0.60,HIGH,MODERATE,0.000000,0.000000,0.000000,0.000000,0.000000,0.006819,0.000000,7.500000,0,0
6000,2000,0.60,HIGH,CLUSTERED,0.000000,0.000000,0.000000,0.000000,0.000000,0.014797,0.000000,7.500000,0,0
6500,1000,0.30,LOW,LOW,0.000000,0.000000,0.000000,0.000000,0.000000,0.004341,0.000000,5.650000,0,0
6500,1000,0.30,LOW,MODERATE,0.000000,0.000000,0.000000,0.000000,0.000000,0.005431,0.000000,5.650000,0,0
6500,1000,0.30,LOW,CLUSTERED,0.000000,0.000000,0.000000,0.000000,0.000000,0.020281,0.000000,5.650000,0,0
6500,1000,0.30,MEDIUM,LOW,0.000000,0.000000,0.000000,0.000000,0.000000,0.004333,0.000000,5.650000,0,0
6500,1000,0.30,MEDIUM,MODERATE,0.000000,0.000000,0.000000,0.000000,0.000000,0.005250,0.000000,5.650000,0,0
6500,1000,0.30,MEDIUM,CLUSTERED,0.000000,0.000000,0.000000,0.000000,0.000000,0.020508,0.000000,5.650000,0,0
6500,1000,0.30,HIGH,LOW,0.000000,0.000000,0.000000,0.000000,0.000000,0.004416,0.000000,5.650000,0,0
6500,1000,0.30,HIGH,MODERATE,0.000000,0.000000,0.000000,0.000000,0.000000,0.005406,0.000000,5.650000,0,0
6500,1000,0.30,HIGH,CLUSTERED,0.000000,0.000000,0.000000,0.000000,0.000000,0.021447,0.000000,5.650000,0,0
6500,1000,0.40,LOW,LOW,0.000000,0.000000,0.000000,0.000000,0.000000,0.004843,0.000000,6.250000,0,0
6500,1000,0.40,LOW,MODERATE,0.000000,0.000000,0.000000,0.000000,0.000000,0.006286,0.000000,6.250000,0,0
6500,1000,0.40,LOW,CLUSTERED,0.000000,0.000000,0.000000,0.000000,0.000000,0.018008,0.000000,6.250000,0,0
6500,1000,0.40,MEDIUM,LOW,0.000000,0.000000,0.000000,0.000000,0.000000,0.004854,0.000000,6.250000,0,0
6500,1000,0.40,MEDIUM,MODERATE,0.000000,0.000000,0.000000,0.000000,0.000000,0.006283,0.000000,6.250000,0,0
6500,1000,0.40,MEDIUM,CLUSTERED,0.000000,0.000000,0.000000,0.000000,0.000000,0.018203,0.000000,6.250000,0,0
6500,1000,0.40,HIGH,LOW,0.000000,0.000000,0.000000,0.000000,0.000000,0.004809,0.000000,6.250000,0,0
6500,1000,0.40,HIGH,MODERATE,0.000000,0.000000,0.000000,0.000000,0.000000,0.006389,0.000000,6.250000,0,0
6500,1000,0.40,HIGH,CLUSTERED,0.000000,0.000000,0.000000,0.000000,0.000000,0.018340,0.000000,6.250000,0,0
6500,1000,0.50,LOW,LOW,0.000000,0.000000,0.000000,0.000000,0.000000,0.005552,0.000000,6.850000,0,0
6500,1000,0.50,LOW,MODERATE,0.000000,0.000000,0.000000,0.000000,0.000000,0.007082,0.000000,6.850000,0,0
6500,1000,0.50,LOW,CLUSTERED,0.000000,0.000000,0.000000,0.000000,0.000000,0.017464,0.000000,6.850000,0,0
6500,1000,0.50,MEDIUM,LOW,0.000000,0.000000,0.000000,0.000000,0.000000,0.005558,0.000000,6.850000,0,0
6500,1000,0.50,MEDIUM,MODERATE,0.000000,0.000000,0.000000,0.000000,0.000000,0.007078,0.000000,6.850000,0,0
6500,1000,0.50,MEDIUM,CLUSTERED,0.000000,0.000000,0.000000,0.000000,0.000000,0.017438,0.000000,6.850000,0,0
6500,1000,0.50,HIGH,LOW,0.000000,0.000000,0.000000,0.000000,0.000000,0.005455,0.000000,6.850000,0,0
6500,1000,0.50,HIGH,MODERATE,0.000000,0.000000,0.000000,0.000000,0.000000,0.007178,0.000000,6.850000,0,0
6500,1000,0.50,HIGH,CLUSTERED,0.000000,0.000000,0.000000,0.000000,0.000000,0.017260,0.000000,6.850000,0,0
6500,1000,0.60,LOW,LOW,0.000000,0.000000,0.000000,0.000000,0.000000,0.005897,0.000000,7.450000,0,0
6500,1000,0.60,LOW,MODERATE,0.000000,0.000000,0.000000,0.000000,0.000000,0.007739,0.000000,7.450000,0,0
6500,1000,0.60,LOW,CLUSTERED,0.000000,0.000000,0.000000,0.000000,0.000000,0.016706,0.000000,7.450000,0,0
6500,1000,0.60,MEDIUM,LOW,0.000000,0.000000,0.000000,0.000000,0.000000,0.005886,0.000000,7.450000,0,0
6500,1000,0.60,MEDIUM,MODERATE,0.000000,0.000000,0.000000,0.000000,0.000000,0.007693,0.000000,7.450000,0,0
6500,1000,0.60,MEDIUM,CLUSTERED,0.000000,0.000000,0.000000,0.000000,0.000000,0.016648,0.000000,7.450000,0,0
6500,1000,0.60,HIGH,LOW,0.000000,0.000000,0.000000,0.000000,0.000000,0.005864,0.000000,7.450000,0,0
6500,1000,0.60,HIGH,MODERATE,0.000000,0.000000,0.000000,0.000000,0.000000,0.007593,0.000000,7.450000,0,0
6500,1000,0.60,HIGH,CLUSTERED,0.000000,0.000000,0.000000,0.000000,0.000000,0.016991,0.000000,7.450000,0,0
6500,1500,0.30,LOW,LOW,0.000000,0.000000,0.000000,0.000000,0.000000,0.004302,0.000000,5.650000,0,0
6500,1500,0.30,LOW,MODERATE,0.000000,0.000000,0.000000,0.000000,0.000000,0.005382,0.000000,5.650000,0,0
6500,1500,0.30,LOW,CLUSTERED,0.000000,0.000000,0.000000,0.000000,0.000000,0.020353,0.000000,5.650000,0,0
6500,1500,0.30,MEDIUM,LOW,0.000000,0.000000,0.000000,0.000000,0.000000,0.004385,0.000000,5.650000,0,0
6500,1500,0.30,MEDIUM,MODERATE,0.000000,0.000000,0.000000,0.000000,0.000000,0.005408,0.000000,5.650000,0,0
6500,1500,0.30,MEDIUM,CLUSTERED,0.000000,0.000000,0.000000,0.000000,0.000000,0.020735,0.000000,5.650000,0,0
6500,1500,0.30,HIGH,LOW,0.000000,0.000000,0.000000,0.000000,0.000000,0.004315,0.000000,5.650000,0,0
6500,1500,0.30,HIGH,MODERATE,0.000000,0.000000,0.000000,0.000000,0.000000,0.005361,0.000000,5.650000,0,0
6500,1500,0.30,HIGH,CLUSTERED,0.000000,0.000000,0.000000,0.000000,0.000000,0.021539,0.000000,5.650000,0,0
6500,1500,0.40,LOW,LOW,0.000000,0.000000,0.000000,0.000000,0.000000,0.004778,0.000000,6.250000,0,0
6500,1500,0.40,LOW,MODERATE,0.000000,0.000000,0.000000,0.000000,0.000000,0.006186,0.000000,6.250000,0,0
6500,1500,0.40,LOW,CLUSTERED,0.000000,0.000000,0.000000,0.000000,0.000000,0.017637,0.000000,6.250000,0,0
6500,1500,0.40,MEDIUM,LOW,0.000000,0.000000,0.000000,0.000000,0.000000,0.004861,0.000000,6.250000,0,0
6500,1500,0.40,MEDIUM,MODERATE,0.000000,0.000000,0.000000,0.000000,0.000000,0.006233,0.000000,6.250000,0,0
6500,1500,0.40,MEDIUM,CLUSTERED,0.000000,0.000000,0.000000,0.000000,0.000000,0.018022,0.000000,6.250000,0,0
6500,1500,0.40,HIGH,LOW,0.000000,0.000000,0.000000,0.000000,0.000000,0.004876,0.000000,6.250000,0,0
6500,1500,0.40,HIGH,MODERATE,0.000000,0.000000,0.000000,0.000000,0.000000,0.006295,0.000000,6.250000,0,0
6500,1500,0.40,HIGH,CLUSTERED,0.000000,0.000000,0.000000,0.000000,0.000000,0.018454,0.000000,6.250000,0,0
6500,1500,0.50,LOW,LOW,0.000000,0.000000,0.000000,0.000000,0.000000,0.005469,0.000000,6.850000,0,0
6500,1500,0.50,LOW,MODERATE,0.000000,0.000000,0.000000,0.000000,0.000000,0.007121,0.000000,6.850000,0,0
6500,1500,0.50,LOW,CLUSTERED,0.000000,0.000000,0.000000,0.000000,0.000000,0.017216,0.000000,6.850000,0,0
6500,1500,0.50,MEDIUM,LOW,0.000000,0.000000,0.000000,0.000000,0.000000,0.005511,0.000000,6.850000,0,0
6500,1500,0.50,MEDIUM,MODERATE,0.000000,0.000000,0.000000,0.000000,0.000000,0.007230,0.000000,6.850000,0,0
6500,1500,0.50,MEDIUM,CLUSTERED,0.000000,0.000000,0.000000,0.000000,0.000000,0.017247,0.000000,6.850000,0,0
6500,1500,0.50,HIGH,LOW,0.000000,0.000000,0.000000,0.000000,0.000000,0.005404,0.000000,6.850000,0,0
6500,1500,0.50,HIGH,MODERATE,0.000000,0.000000,0.000000,0.000000,0.000000,0.007297,0.000000,6.850000,0,0
6500,1500,0.50,HIGH,CLUSTERED,0.000000,0.000000,0.000000,0.000000,0.000000,0.018149,0.000000,6.850000,0,0
6500,1500,0.60,LOW,LOW,0.000000,0.000000,0.000000,0.000000,0.000000,0.006000,0.000000,7.450000,0,0
6500,1500,0.60,LOW,MODERATE,0.000000,0.000000,0.000000,0.000000,0.000000,0.007755,0.000000,7.450000,0,0
6500,1500,0.60,LOW,CLUSTERED,0.000000,0.000000,0.000000,0.000000,0.000000,0.016828,0.000000,7.450000,0,0
6500,1500,0.60,MEDIUM,LOW,0.000000,0.000000,0.000000,0.000000,0.000000,0.005732,0.000000,7.450000,0,0
6500,1500,0.60,MEDIUM,MODERATE,0.000000,0.000000,0.000000,0.000000,0.000000,0.007901,0.000000,7.450000,0,0
6500,1500,0.60,MEDIUM,CLUSTERED,0.000000,0.000000,0.000000,0.000000,0.000000,0.016784,0.000000,7.450000,0,0
6500,1500,0.60,HIGH,LOW,0.000000,0.000000,0.000000,0.000000,0.000000,0.005833,0.000000,7.450000,0,0
6500,1500,0.60,HIGH,MODERATE,0.000000,0.000000,0.000000,0.000000,0.000000,0.007717,0.000000,7.450000,0,0
6500,1500,0.60,HIGH,CLUSTERED,0.000000,0.000000,0.000000,0.000000,0.000000,0.016980,0.000000,7.450000,0,0
6500,2000,0.30,LOW,LOW,0.000000,0.000000,0.000000,0.000000,0.000000,0.004409,0.000000,5.650000,0,0
6500,2000,0.30,LOW,MODERATE,0.000000,0.000000,0.000000,0.000000,0.000000,0.005442,0.000000,5.650000,0,0
6500,2000,0.30,LOW,CLUSTERED,0.000000,0.000000,1.000000,1.140000,0.000000,0.020596,0.000000,5.650000,0,0
6500,2000,0.30,MEDIUM,LOW,0.000000,0.000000,0.000000,0.000000,0.000000,0.004337,0.000000,5.650000,0,0
6500,2000,0.30,MEDIUM,MODERATE,0.000000,0.000000,0.000000,0.000000,0.000000,0.005264,0.000000,5.650000,0,0
6500,2000,0.30,MEDIUM,CLUSTERED,0.000000,0.000000,1.000000,1.420000,0.000000,0.020574,0.000000,5.650000,0,0
6500,2000,0.30,HIGH,LOW,0.000000,0.000000,0.000000,0.000000,0.000000,0.004376,0.000000,5.650000,0,0
6500,2000,0.30,HIGH,MODERATE,0.000000,0.000000,0.000000,0.000000,0.000000,0.005366,0.000000,5.650000,0,0
6500,2000,0.30,HIGH,CLUSTERED,0.000000,0.000000,1.000000,1.870000,0.000000,0.021280,0.000000,5.650000,0,0
6500,2000,0.40,LOW,LOW,0.000000,0.000000,0.000000,0.000000,0.000000,0.004805,0.000000,6.250000,0,0
6500,2000,0.40,LOW,MODERATE,0.000000,0.000000,0.000000,0.000000,0.000000,0.006124,0.000000,6.250000,0,0
6500,2000,0.40,LOW,CLUSTERED,0.000000,0.000000,0.000000,0.000000,0.000000,0.018150,0.000000,6.250000,0,0
6500,2000,0.40,MEDIUM,LOW,0.000000,0.000000,0.000000,0.000000,0.000000,0.004861,0.000000,6.250000,0,0
6500,2000,0.40,MEDIUM,MODERATE,0.000000,0.000000,0.000000,0.000000,0.000000,0.006223,0.000000,6.250000,0,0
6500,2000,0.40,MEDIUM,CLUSTERED,0.000000,0.000000,0.000000,0.000000,0.000000,0.018162,0.000000,6.250000,0,0
6500,2000,0.40,HIGH,LOW,0.000000,0.000000,0.000000,0.000000,0.000000,0.004823,0.000000,6.250000,0,0
6500,2000,0.40,HIGH,MODERATE,0.000000,0.000000,0.000000,0.000000,0.000000,0.006201,0.000000,6.250000,0,0
6500,2000,0.40,HIGH,CLUSTERED,0.000000,0.000000,0.000000,0.000000,0.000000,0.018792,0.000000,6.250000,0,0
6500,2000,0.50,LOW,LOW,0.000000,0.000000,0.000000,0.000000,0.000000,0.005543,0.000000,6.850000,0,0
6500,2000,0.50,LOW,MODERATE,0.000000,0.000000,0.000000,0.000000,0.000000,0.007149,0.000000,6.850000,0,0
6500,2000,0.50,LOW,CLUSTERED,0.000000,0.000000,0.000000,0.000000,0.000000,0.017459,0.000000,6.850000,0,0
6500,2000,0.50,MEDIUM,LOW,0.000000,0.000000,0.000000,0.000000,0.000000,0.005429,0.000000,6.850000,0,0
6500,2000,0.50,MEDIUM,MODERATE,0.000000,0.000000,0.000000,0.000000,0.000000,0.007190,0.000000,6.850000,0,0
6500,2000,0.50,MEDIUM,CLUSTERED,0.000000,0.000000,0.000000,0.000000,0.000000,0.017599,0.000000,6.850000,0,0
6500,2000,0.50,HIGH,LOW,0.000000,0.000000,0.000000,0.000000,0.000000,0.005550,0.000000,6.850000,0,0
6500,2000,0.50,HIGH,MODERATE,0.000000,0.000000,0.000000,0.000000,0.000000,0.007138,0.000000,6.850000,0,0
6500,2000,0.50,HIGH,CLUSTERED,0.000000,0.000000,0.000000,0.000000,0.000000,0.017642,0.000000,6.850000,0,0
6500,2000,0.60,LOW,LOW,0.000000,0.000000,0.000000,0.000000,0.000000,0.005987,0.000000,7.450000,0,0
6500,2000,0.60,LOW,MODERATE,0.000000,0.000000,0.000000,0.000000,0.000000,0.007808,0.000000,7.450000,0,0
6500,2000,0.60,LOW,CLUSTERED,0.000000,0.000000,0.000000,0.000000,0.000000,0.016781,0.000000,7.450000,0,0
6500,2000,0.60,MEDIUM,LOW,0.000000,0.000000,0.000000,0.000000,0.000000,0.005851,0.000000,7.450000,0,0
6500,2000,0.60,MEDIUM,MODERATE,0.000000,0.000000,0.000000,0.000000,0.000000,0.007671,0.000000,7.450000,0,0
6500,2000,0.60,MEDIUM,CLUSTERED,0.000000,0.000000,0.000000,0.000000,0.000000,0.016720,0.000000,7.450000,0,0
6500,2000,0.60,HIGH,LOW,0.000000,0.000000,0.000000,0.000000,0.000000,0.005904,0.000000,7.450000,0,0
6500,2000,0.60,HIGH,MODERATE,0.000000,0.000000,0.000000,0.000000,0.000000,0.007799,0.000000,7.450000,0,0
6500,2000,0.60,HIGH,CLUSTERED,0.000000,0.000000,0.000000,0.000000,0.000000,0.016772,0.000000,7.450000,0,0
7000,1000,0.30,LOW,LOW,0.000000,0.000000,0.000000,0.000000,0.000000,0.005203,0.000000,5.600000,0,0
7000,1000,0.30,LOW,MODERATE,0.000000,0.000000,0.000000,0.000000,0.000000,0.006721,0.000000,5.600000,0,0
7000,1000,0.30,LOW,CLUSTERED,0.000000,0.000000,0.000000,0.000000,0.000000,0.027692,0.000000,5.600000,0,0
7000,1000,0.30,MEDIUM,LOW,0.000000,0.000000,0.000000,0.000000,0.000000,0.005216,0.000000,5.600000,0,0
7000,1000,0.30,MEDIUM,MODERATE,0.000000,0.000000,0.000000,0.000000,0.000000,0.006699,0.000000,5.600000,0,0
7000,1000,0.30,MEDIUM,CLUSTERED,0.000000,0.000000,0.000000,0.000000,0.000000,0.027774,0.000000,5.600000,0,0
7000,1000,0.30,HIGH,LOW,0.000000,0.000000,0.000000,0.000000,0.000000,0.005190,0.000000,5.600000,0,0
7000,1000,0.30,HIGH,MODERATE,0.000000,0.000000,0.000000,0.000000,0.000000,0.006626,0.000000,5.600000,0,0
7000,1000,0.30,HIGH,CLUSTERED,0.000000,0.000000,0.000000,0.000000,0.000000,0.028764,0.000000,5.600000,0,0
7000,1000,0.40,LOW,LOW,0.000000,0.000000,0.000000,0.000000,0.000000,0.005670,0.000000,6.200000,0,0
7000,1000,0.40,LOW,MODERATE,0.000000,0.000000,0.000000,0.000000,0.000000,0.007445,0.000000,6.200000,0,0
7000,1000,0.40,LOW,CLUSTERED,0.000000,0.000000,0.000000,0.000000,0.000000,0.021937,0.000000,6.200000,0,0
7000,1000,0.40,MEDIUM,LOW,0.000000,0.000000,0.000000,0.000000,0.000000,0.005792,0.000000,6.200000,0,0
7000,1000,0.40,MEDIUM,MODERATE,0.000000,0.000000,0.000000,0.000000,0.000000,0.007455,0.000000,6.200000,0,0
7000,1000,0.40,MEDIUM,CLUSTERED,0.000000,0.000000,0.000000,0.000000,0.000000,0.022620,0.000000,6.200000,0,0
7000,1000,0.40,HIGH,LOW,0.000000,0.000000,0.000000,0.000000,0.000000,0.005778,0.000000,6.200000,0,0
7000,1000,0.40,HIGH,MODERATE,0.000000,0.000000,0.000000,0.000000,0.000000,0.007465,0.000000,6.200000,0,0
7000,1000,0.40,HIGH,CLUSTERED,0.000000,0.000000,0.000000,0.000000,0.000000,0.022827,0.000000,6.200000,0,0
7000,1000,0.50,LOW,LOW,0.000000,0.000000,0.000000,0.000000,0.000000,0.006391,0.000000,6.800000,0,0
7000,1000,0.50,LOW,MODERATE,0.000000,0.000000,0.000000,0.000000,0.000000,0.008279,0.000000,6.800000,0,0
7000,1000,0.50,LOW,CLUSTERED,0.000000,0.000000,0.000000,0.000000,0.000000,0.020869,0.000000,6.800000,0,0
7000,1000,0.50,MEDIUM,LOW,0.000000,0.000000,0.000000,0.000000,0.000000,0.006469,0.000000,6.800000,0,0
7000,1000,0.50,MEDIUM,MODERATE,0.000000,0.000000,0.000000,0.000000,0.000000,0.008404,0.000000,6.800000,0,0
7000,1000,0.50,MEDIUM,CLUSTERED,0.000000,0.000000,0.000000,0.000000,0.000000,0.020672,0.000000,6.800000,0,0
7000,1000,0.50,HIGH,LOW,0.000000,0.000000,0.000000,0.000000,0.000000,0.006390,0.000000,6.800000,0,0
7000,1000,0.50,HIGH,MODERATE,0.000000,0.000000,0.000000,0.000000,0.000000,0.008517,0.000000,6.800000,0,0
7000,1000,0.50,HIGH,CLUSTERED,0.000000,0.000000,0.000000,0.000000,0.000000,0.021366,0.000000,6.800000,0,0
7000,1000,0.60,LOW,LOW,0.000000,0.000000,0.000000,0.000000,0.000000,0.006781,0.000000,7.400000,0,0
7000,1000,0.60,LOW,MODERATE,0.000000,0.000000,0.000000,0.000000,0.000000,0.009129,0.000000,7.400000,0,0
7000,1000,0.60,LOW,CLUSTERED,0.000000,0.000000,0.000000,0.000000,0.000000,0.019609,0.000000,7.400000,0,0
7000,1000,0.60,MEDIUM,LOW,0.000000,0.000000,0.000000,0.000000,0.000000,0.006837,0.000000,7.400000,0,0
7000,1000,0.60,MEDIUM,MODERATE,0.000000,0.000000,0.000000,0.000000,0.000000,0.009012,0.000000,7.400000,0,0
7000,1000,0.60,MEDIUM,CLUSTERED,0.000000,0.000000,0.000000,0.000000,0.000000,0.019189,0.000000,7.400000,0,0
7000,1000,0.60,HIGH,LOW,0.000000,0.000000,0.000000,0.000000,0.000000,0.006938,0.000000,7.400000,0,0
7000,1000,0.60,HIGH,MODERATE,0.000000,0.000000,0.000000,0.000000,0.000000,0.009108,0.000000,7.400000,0,0
7000,1000,0.60,HIGH,CLUSTERED,0.000000,0.000000,0.000000,0.000000,0.000000,0.019908,0.000000,7.400000,0,0
7000,1500,0.30,LOW,LOW,0.000000,0.000000,0.000000,0.000000,0.000000,0.005179,0.000000,5.600000,0,0
7000,1500,0.30,LOW,MODERATE,0.000000,0.000000,0.000000,0.000000,0.000000,0.006568,0.000000,5.600000,0,0
7000,1500,0.30,LOW,CLUSTERED,0.000000,0.000000,1.000000,4.300000,0.000000,0.027106,0.000000,5.600000,0,0
7000,1500,0.30,MEDIUM,LOW,0.000000,0.000000,0.000000,0.000000,0.000000,0.005081,0.000000,5.600000,0,0
7000,1500,0.30,MEDIUM,MODERATE,0.000000,0.000000,0.000000,0.000000,0.000000,0.006687,0.000000,5.600000,0,0
7000,1500,0.30,MEDIUM,CLUSTERED,0.000000,0.000000,1.000000,4.780000,0.000000,0.028116,0.000000,5.600000,0,0
7000,1500,0.30,HIGH,LOW,0.000000,0.000000,0.000000,0.000000,0.000000,0.005259,0.000000,5.600000,0,0
7000,1500,0.30,HIGH,MODERATE,0.000000,0.000000,0.000000,0.000000,0.000000,0.006762,0.000000,5.600000,0,0
7000,1500,0.30,HIGH,CLUSTERED,0.000000,0.000000,1.000000,5.320000,0.000000,0.028696,0.000000,5.600000,0,0
7000,1500,0.40,LOW,LOW,0.000000,0.000000,0.000000,0.000000,0.000000,0.005671,0.000000,6.200000,0,0
7000,1500,0.40,LOW,MODERATE,0.000000,0.000000,0.000000,0.000000,0.000000,0.007519,0.000000,6.200000,0,0
7000,1500,0.40,LOW,CLUSTERED,0.000000,0.000000,0.000000,0.000000,0.000000,0.022720,0.000000,6.200000,0,0
7000,1500,0.40,MEDIUM,LOW,0.000000,0.000000,0.000000,0.000000,0.000000,0.005663,0.000000,6.200000,0,0
7000,1500,0.40,MEDIUM,MODERATE,0.000000,0.000000,0.000000,0.000000,0.000000,0.007469,0.000000,6.200000,0,0
7000,1500,0.40,MEDIUM,CLUSTERED,0.000000,0.000000,0.000000,0.000000,0.000000,0.022448,0.000000,6.200000,0,0
7000,1500,0.40,HIGH,LOW,0.000000,0.000000,0.000000,0.000000,0.000000,0.005662,0.000000,6.200000,0,0
7000,1500,0.40,HIGH,MODERATE,0.000000,0.000000,0.000000,0.000000,0.000000,0.007467,0.000000,6.200000,0,0
7000,1500,0.40,HIGH,CLUSTERED,0.000000,0.000000,0.000000,0.000000,0.000000,0.022568,0.000000,6.200000,0,0
7000,1500,0.50,LOW,LOW,0.000000,0.000000,0.000000,0.000000,0.000000,0.006594,0.000000,6.800000,0,0
7000,1500,0.50,LOW,MODERATE,0.000000,0.000000,0.000000,0.000000,0.000000,0.008467,0.000000,6.800000,0,0
7000,1500,0.50,LOW,CLUSTERED,0.000000,0.000000,0.000000,0.000000,0.000000,0.020935,0.000000,6.800000,0,0
7000,1500,0.50,MEDIUM,LOW,0.000000,0.000000,0.000000,0.000000,0.000000,0.006513,0.000000,6.800000,0,0
7000,1500,0.50,MEDIUM,MODERATE,0.000000,0.000000,0.000000,0.000000,0.000000,0.008368,0.000000,6.800000,0,0
7000,1500,0.50,MEDIUM,CLUSTERED,0.000000,0.000000,0.000000,0.000000,0.000000,0.020750,0.000000,6.800000,0,0
7000,1500,0.50,HIGH,LOW,0.000000,0.000000,0.000000,0.000000,0.000000,0.006605,0.000000,6.800000,0,0
7000,1500,0.50,HIGH,MODERATE,0.000000,0.000000,0.000000,0.000000,0.000000,0.008448,0.000000,6.800000,0,0
7000,1500,0.50,HIGH,CLUSTERED,0.000000,0.000000,0.000000,0.000000,0.000000,0.021290,0.000000,6.800000,0,0
7000,1500,0.60,LOW,LOW,0.000000,0.000000,0.000000,0.000000,0.000000,0.006904,0.000000,7.400000,0,0
7000,1500,0.60,LOW,MODERATE,0.000000,0.000000,0.000000,0.000000,0.000000,0.008767,0.000000,7.400000,0,0
7000,1500,0.60,LOW,CLUSTERED,0.000000,0.000000,0.000000,0.000000,0.000000,0.019629,0.000000,7.400000,0,0
7000,1500,0.60,MEDIUM,LOW,0.000000,0.000000,0.000000,0.000000,0.000000,0.006941,0.000000,7.400000,0,0
7000,1500,0.60,MEDIUM,MODERATE,0.000000,0.000000,0.000000,0.000000,0.000000,0.008966,0.000000,7.400000,0,0
7000,1500,0.60,MEDIUM,CLUSTERED,0.000000,0.000000,0.000000,0.000000,0.000000,0.019453,0.000000,7.400000,0,0
7000,1500,0.60,HIGH,LOW,0.000000,0.000000,0.000000,0.000000,0.000000,0.006829,0.000000,7.400000,0,0
7000,1500,0.60,HIGH,MODERATE,0.000000,0.000000,0.000000,0.000000,0.000000,0.009081,0.000000,7.400000,0,0
7000,1500,0.60,HIGH,CLUSTERED,0.000000,0.000000,0.000000,0.000000,0.000000,0.019480,0.000000,7.400000,0,0
7000,2000,0.30,LOW,LOW,0.000000,0.000000,0.000000,0.000000,0.000000,0.005164,0.000000,5.600000,0,0
7000,2000,0.30,LOW,MODERATE,0.000000,0.000000,0.000000,0.000000,0.000000,0.006643,0.000000,5.600000,0,0
7000,2000,0.30,LOW,CLUSTERED,0.000000,0.000000,1.000000,15.330000,0.000000,0.026979,0.000000,5.600000,0,0
7000,2000,0.30,MEDIUM,LOW,0.000000,0.000000,0.000000,0.000000,0.000000,0.005280,0.000000,5.600000,0,0
7000,2000,0.30,MEDIUM,MODERATE,0.000000,0.000000,0.000000,0.000000,0.000000,0.006634,0.000000,5.600000,0,0
7000,2000,0.30,MEDIUM,CLUSTERED,0.000000,0.000000,1.000000,15.490000,0.000000,0.027854,0.000000,5.600000,0,0
7000,2000,0.30,HIGH,LOW,0.000000,0.000000,0.000000,0.000000,0.000000,0.005209,0.000000,5.600000,0,0
7000,2000,0.30,HIGH,MODERATE,0.000000,0.000000,0.010000,0.010000,0.000000,0.006513,0.000000,5.600000,0,0
7000,2000,0.30,HIGH,CLUSTERED,0.000000,0.000000,1.000000,15.780000,0.000000,0.028374,0.000000,5.600000,0,0
7000,2000,0.40,LOW,LOW,0.000000,0.000000,0.000000,0.000000,0.000000,0.005727,0.000000,6.200000,0,0
7000,2000,0.40,LOW,MODERATE,0.000000,0.000000,0.000000,0.000000,0.000000,0.007526,0.000000,6.200000,0,0
7000,2000,0.40,LOW,CLUSTERED,0.000000,0.000000,1.000000,2.740000,0.000000,0.022536,0.000000,6.200000,0,0
7000,2000,0.40,MEDIUM,LOW,0.000000,0.000000,0.000000,0.000000,0.000000,0.005886,0.000000,6.200000,0,0
7000,2000,0.40,MEDIUM,MODERATE,0.000000,0.000000,0.000000,0.000000,0.000000,0.007464,0.000000,6.200000,0,0
7000,2000,0.40,MEDIUM,CLUSTERED,0.000000,0.000000,1.000000,3.140000,0.000000,0.022588,0.000000,6.200000,0,0
7000,2000,0.40,HIGH,LOW,0.000000,0.000000,0.000000,0.000000,0.000000,0.005677,0.000000,6.200000,0,0
7000,2000,0.40,HIGH,MODERATE,0.000000,0.000000,0.000000,0.000000,0.000000,0.007533,0.000000,6.200000,0,0
7000,2000,0.40,HIGH,CLUSTERED,0.000000,0.000000,1.000000,4.090000,0.000000,0.023051,0.000000,6.200000,0,0
7000,2000,0.50,LOW,LOW,0.000000,0.000000,0.000000,0.000000,0.000000,0.006439,0.000000,6.800000,0,0
7000,2000,0.50,LOW,MODERATE,0.000000,0.000000,0.000000,0.000000,0.000000,0.008638,0.000000,6.800000,0,0
7000,2000,0.50,LOW,CLUSTERED,0.000000,0.000000,0.000000,0.000000,0.000000,0.021141,0.000000,6.800000,0,0
7000,2000,0.50,MEDIUM,LOW,0.000000,0.000000,0.000000,0.000000,0.000000,0.006547,0.000000,6.800000,0,0
7000,2000,0.50,MEDIUM,MODERATE,0.000000,0.000000,0.000000,0.000000,0.000000,0.008443,0.000000,6.800000,0,0
7000,2000,0.50,MEDIUM,CLUSTERED,0.000000,0.000000,0.000000,0.000000,0.000000,0.021108,0.000000,6.800000,0,0
7000,2000,0.50,HIGH,LOW,0.000000,0.000000,0.000000,0.000000,0.000000,0.006349,0.000000,6.800000,0,0
7000,2000,0.50,HIGH,MODERATE,0.000000,0.000000,0.000000,0.000000,0.000000,0.008382,0.000000,6.800000,0,0
7000,2000,0.50,HIGH,CLUSTERED,0.000000,0.000000,0.000000,0.000000,0.000000,0.021342,0.000000,6.800000,0,0
7000,2000,0.60,LOW,LOW,0.000000,0.000000,0.000000,0.000000,0.000000,0.006787,0.000000,7.400000,0,0
7000,2000,0.60,LOW,MODERATE,0.000000,0.000000,0.000000,0.000000,0.000000,0.009033,0.000000,7.400000,0,0
7000,2000,0.60,LOW,CLUSTERED,0.000000,0.000000,0.000000,0.000000,0.000000,0.019785,0.000000,7.400000,0,0
7000,2000,0.60,MEDIUM,LOW,0.000000,0.000000,0.000000,0.000000,0.000000,0.007046,0.000000,7.400000,0,0
7000,2000,0.60,MEDIUM,MODERATE,0.000000,0.000000,0.000000,0.000000,0.000000,0.008914,0.000000,7.400000,0,0
7000,2000,0.60,MEDIUM,CLUSTERED,0.000000,0.000000,0.000000,0.000000,0.000000,0.019716,0.000000,7.400000,0,0
7000,2000,0.60,HIGH,LOW,0.000000,0.000000,0.000000,0.000000,0.000000,0.006773,0.000000,7.400000,0,0
7000,2000,0.60,HIGH,MODERATE,0.000000,0.000000,0.000000,0.000000,0.000000,0.009280,0.000000,7.400000,0,0
7000,2000,0.60,HIGH,CLUSTERED,0.000000,0.000000,0.000000,0.000000,0.000000,0.019885,0.000000,7.400000,0,0
7500,1000,0.30,LOW,LOW,0.000000,0.000000,0.000000,0.000000,0.000000,0.006536,0.000000,5.550000,0,0
7500,1000,0.30,LOW,MODERATE,0.000000,0.000000,0.000000,0.000000,0.000000,0.008562,0.000000,5.550000,0,0
7500,1000,0.30,LOW,CLUSTERED,0.000000,0.000000,1.000000,6.830000,0.000000,0.042758,0.000000,5.550000,0,0
7500,1000,0.30,MEDIUM,LOW,0.000000,0.000000,0.000000,0.000000,0.000000,0.006542,0.000000,5.550000,0,0
7500,1000,0.30,MEDIUM,MODERATE,0.000000,0.000000,0.000000,0.000000,0.000000,0.008572,0.000000,5.550000,0,0
7500,1000,0.30,MEDIUM,CLUSTERED,0.000000,0.000000,1.000000,6.830000,0.000000,0.043252,0.000000,5.550000,0,0
7500,1000,0.30,HIGH,LOW,0.000000,0.000000,0.000000,0.000000,0.000000,0.006462,0.000000,5.550000,0,0
7500,1000,0.30,HIGH,MODERATE,0.000000,0.000000,0.000000,0.000000,0.000000,0.008655,0.000000,5.550000,0,0
7500,1000,0.30,HIGH,CLUSTERED,0.000000,0.000000,1.000000,7.000000,0.000000,0.046035,0.000000,5.550000,0,0
7500,1000,0.40,LOW,LOW,0.000000,0.000000,0.000000,0.000000,0.000000,0.007061,0.000000,6.150000,0,0
7500,1000,0.40,LOW,MODERATE,0.000000,0.000000,0.000000,0.000000,0.000000,0.009189,0.000000,6.150000,0,0
7500,1000,0.40,LOW,CLUSTERED,0.000000,0.000000,0.000000,0.000000,0.000000,0.029779,0.000000,6.150000,0,0
7500,1000,0.40,MEDIUM,LOW,0.000000,0.000000,0.000000,0.000000,0.000000,0.006965,0.000000,6.150000,0,0
7500,1000,0.40,MEDIUM,MODERATE,0.000000,0.000000,0.000000,0.000000,0.000000,0.009246,0.000000,6.150000,0,0
7500,1000,0.40,MEDIUM,CLUSTERED,0.000000,0.000000,0.000000,0.000000,0.000000,0.029692,0.000000,6.150000,0,0
7500,1000,0.40,HIGH,LOW,0.000000,0.000000,0.000000,0.000000,0.000000,0.007031,0.000000,6.150000,0,0
7500,1000,0.40,HIGH,MODERATE,0.000000,0.000000,0.000000,0.000000,0.000000,0.009041,0.000000,6.150000,0,0
7500,1000,0.40,HIGH,CLUSTERED,0.000000,0.000000,0.000000,0.000000,0.000000,0.030844,0.000000,6.150000,0,0
7500,1000,0.50,LOW,LOW,0.000000,0.000000,0.000000,0.000000,0.000000,0.007919,0.000000,6.750000,0,0
7500,1000,0.50,LOW,MODERATE,0.000000,0.000000,0.000000,0.000000,0.000000,0.010374,0.000000,6.750000,0,0
7500,1000,0.50,LOW,CLUSTERED,0.000000,0.000000,0.000000,0.000000,0.000000,0.025930,0.000000,6.750000,0,0
7500,1000,0.50,MEDIUM,LOW,0.000000,0.000000,0.000000,0.000000,0.000000,0.007668,0.000000,6.750000,0,0
7500,1000,0.50,MEDIUM,MODERATE,0.000000,0.000000,0.000000,0.000000,0.000000,0.010437,0.000000,6.750000,0,0
7500,1000,0.50,MEDIUM,CLUSTERED,0.000000,0.000000,0.000000,0.000000,0.000000,0.025891,0.000000,6.750000,0,0
7500,1000,0.50,HIGH,LOW,0.000000,0.000000,0.000000,0.000000,0.000000,0.007816,0.000000,6.750000,0,0
7500,1000,0.50,HIGH,MODERATE,0.000000,0.000000,0.000000,0.000000,0.000000,0.010203,0.000000,6.750000,0,0
7500,1000,0.50,HIGH,CLUSTERED,0.000000,0.000000,0.000000,0.000000,0.000000,0.026927,0.000000,6.750000,0,0
7500,1000,0.60,LOW,LOW,0.000000,0.000000,0.000000,0.000000,0.000000,0.008191,0.000000,7.350000,0,0
7500,1000,0.60,LOW,MODERATE,0.000000,0.000000,0.000000,0.000000,0.000000,0.011223,0.000000,7.350000,0,0
7500,1000,0.60,LOW,CLUSTERED,0.000000,0.000000,0.000000,0.000000,0.000000,0.023737,0.000000,7.350000,0,0
7500,1000,0.60,MEDIUM,LOW,0.000000,0.000000,0.000000,0.000000,0.000000,0.008211,0.000000,7.350000,0,0
7500,1000,0.60,MEDIUM,MODERATE,0.000000,0.000000,0.000000,0.000000,0.000000,0.010859,0.000000,7.350000,0,0
7500,1000,0.60,MEDIUM,CLUSTERED,0.000000,0.000000,0.000000,0.000000,0.000000,0.023369,0.000000,7.350000,0,0
7500,1000,0.60,HIGH,LOW,0.000000,0.000000,0.000000,0.000000,0.000000,0.008334,0.000000,7.350000,0,0
7500,1000,0.60,HIGH,MODERATE,0.000000,0.000000,0.000000,0.000000,0.000000,0.010764,0.000000,7.350000,0,0
7500,1000,0.60,HIGH,CLUSTERED,0.000000,0.000000,0.000000,0.000000,0.000000,0.024540,0.000000,7.350000,0,0
7500,1500,0.30,LOW,LOW,0.000000,0.000000,0.000000,0.000000,0.000000,0.006593,0.000000,5.550000,0,0
7500,1500,0.30,LOW,MODERATE,0.000000,0.000000,0.280000,0.380000,0.000000,0.008731,0.000000,5.550000,0,0
7500,1500,0.30,LOW,CLUSTERED,0.000000,0.000000,1.000000,16.820000,0.000000,0.043322,0.000000,5.550000,0,0
7500,1500,0.30,MEDIUM,LOW,0.000000,0.000000,0.000000,0.000000,0.000000,0.006525,0.000000,5.550000,0,0
7500,1500,0.30,MEDIUM,MODERATE,0.000000,0.000000,0.290000,0.360000,0.000000,0.008699,0.000000,5.550000,0,0
7500,1500,0.30,MEDIUM,CLUSTERED,0.000000,0.000000,1.000000,16.810000,0.000000,0.043718,0.000000,5.550000,0,0
7500,1500,0.30,HIGH,LOW,0.000000,0.000000,0.000000,0.000000,0.000000,0.006388,0.000000,5.550000,0,0
7500,1500,0.30,HIGH,MODERATE,0.000000,0.000000,0.410000,0.610000,0.000000,0.008624,0.000000,5.550000,0,0
7500,1500,0.30,HIGH,CLUSTERED,0.000000,0.000000,1.000000,16.940000,0.000000,0.045521,0.000000,5.550000,0,0
7500,1500,0.40,LOW,LOW,0.000000,0.000000,0.000000,0.000000,0.000000,0.007123,0.000000,6.150000,0,0
7500,1500,0.40,LOW,MODERATE,0.000000,0.000000,0.000000,0.000000,0.000000,0.009356,0.000000,6.150000,0,0
7500,1500,0.40,LOW,CLUSTERED,0.000000,0.000000,1.000000,6.300000,0.000000,0.029371,0.000000,6.150000,0,0
7500,1500,0.40,MEDIUM,LOW,0.000000,0.000000,0.000000,0.000000,0.000000,0.007045,0.000000,6.150000,0,0
7500,1500,0.40,MEDIUM,MODERATE,0.000000,0.000000,0.000000,0.000000,0.000000,0.009074,0.000000,6.150000,0,0
7500,1500,0.40,MEDIUM,CLUSTERED,0.000000,0.000000,1.000000,6.460000,0.000000,0.030441,0.000000,6.150000,0,0
7500,1500,0.40,HIGH,LOW,0.000000,0.000000,0.000000,0.000000,0.000000,0.006964,0.000000,6.150000,0,0
7500,1500,0.40,HIGH,MODERATE,0.000000,0.000000,0.000000,0.000000,0.000000,0.009382,0.000000,6.150000,0,0
7500,1500,0.40,HIGH,CLUSTERED,0.000000,0.000000,1.000000,6.800000,0.000000,0.030596,0.000000,6.150000,0,0
7500,1500,0.50,LOW,LOW,0.000000,0.000000,0.000000,0.000000,0.000000,0.007841,0.000000,6.750000,0,0
7500,1500,0.50,LOW,MODERATE,0.000000,0.000000,0.000000,0.000000,0.000000,0.010336,0.000000,6.750000,0,0
7500,1500,0.50,LOW,CLUSTERED,0.000000,0.000000,0.000000,0.000000,0.000000,0.025748,0.000000,6.750000,0,0
7500,1500,0.50,MEDIUM,LOW,0.000000,0.000000,0.000000,0.000000,0.000000,0.007872,0.000000,6.750000,0,0
7500,1500,0.50,MEDIUM,MODERATE,0.000000,0.000000,0.000000,0.000000,0.000000,0.010501,0.000000,6.750000,0,0
7500,1500,0.50,MEDIUM,CLUSTERED,0.000000,0.000000,0.000000,0.000000,0.000000,0.025820,0.000000,6.750000,0,0
7500,1500,0.50,HIGH,LOW,0.000000,0.000000,0.000000,0.000000,0.000000,0.007898,0.000000,6.750000,0,0
7500,1500,0.50,HIGH,MODERATE,0.000000,0.000000,0.000000,0.000000,0.000000,0.010543,0.000000,6.750000,0,0
7500,1500,0.50,HIGH,CLUSTERED,0.000000,0.000000,0.000000,0.000000,0.000000,0.026534,0.000000,6.750000,0,0
7500,1500,0.60,LOW,LOW,0.000000,0.000000,0.000000,0.000000,0.000000,0.008359,0.000000,7.350000,0,0
7500,1500,0.60,LOW,MODERATE,0.000000,0.000000,0.000000,0.000000,0.000000,0.010757,0.000000,7.350000,0,0
7500,1500,0.60,LOW,CLUSTERED,0.000000,0.000000,0.000000,0.000000,0.000000,0.024133,0.000000,7.350000,0,0
7500,1500,0.60,MEDIUM,LOW,0.000000,0.000000,0.000000,0.000000,0.000000,0.008329,0.000000,7.350000,0,0
7500,1500,0.60,MEDIUM,MODERATE,0.000000,0.000000,0.000000,0.000000,0.000000,0.010943,0.000000,7.350000,0,0
7500,1500,0.60,MEDIUM,CLUSTERED,0.000000,0.000000,0.000000,0.000000,0.000000,0.023577,0.000000,7.350000,0,0
7500,1500,0.60,HIGH,LOW,0.000000,0.000000,0.000000,0.000000,0.000000,0.008389,0.000000,7.350000,0,0
7500,1500,0.60,HIGH,MODERATE,0.000000,0.000000,0.000000,0.000000,0.000000,0.011200,0.000000,7.350000,0,0
7500,1500,0.60,HIGH,CLUSTERED,0.000000,0.000000,0.000000,0.000000,0.000000,0.024167,0.000000,7.350000,0,0
7500,2000,0.30,LOW,LOW,0.000000,0.000000,1.000000,11.420000,0.000000,0.006584,0.000000,5.550000,0,0
7500,2000,0.30,LOW,MODERATE,0.000000,0.000000,1.000000,18.450000,0.000000,0.008609,0.000000,5.550000,0,0
7500,2000,0.30,LOW,CLUSTERED,0.000000,0.000000,1.000000,27.020000,0.000000,0.042055,0.000000,5.550000,0,0
7500,2000,0.30,MEDIUM,LOW,0.000000,0.000000,1.000000,11.640000,0.000000,0.006605,0.000000,5.550000,0,0
7500,2000,0.30,MEDIUM,MODERATE,0.000000,0.000000,1.000000,18.410000,0.000000,0.008492,0.000000,5.550000,0,0
7500,2000,0.30,MEDIUM,CLUSTERED,0.000000,0.000000,1.000000,26.990000,0.000000,0.043684,0.000000,5.550000,0,0
7500,2000,0.30,HIGH,LOW,0.000000,0.000000,1.000000,11.420000,0.000000,0.006485,0.000000,5.550000,0,0
7500,2000,0.30,HIGH,MODERATE,0.000000,0.000000,1.000000,18.410000,0.000000,0.008653,0.000000,5.550000,0,0
7500,2000,0.30,HIGH,CLUSTERED,0.000000,0.000000,1.000000,27.010000,0.000000,0.045850,0.000000,5.550000,0,0
7500,2000,0.40,LOW,LOW,0.000000,0.000000,0.060000,0.090000,0.000000,0.007080,0.000000,6.150000,0,0
7500,2000,0.40,LOW,MODERATE,0.000000,0.000000,1.000000,8.810000,0.000000,0.009376,0.000000,6.150000,0,0
7500,2000,0.40,LOW,CLUSTERED,0.000000,0.000000,1.000000,18.360000,0.000000,0.029748,0.000000,6.150000,0,0
7500,2000,0.40,MEDIUM,LOW,0.000000,0.000000,0.090000,0.140000,0.000000,0.007043,0.000000,6.150000,0,0
7500,2000,0.40,MEDIUM,MODERATE,0.000000,0.000000,1.000000,8.560000,0.000000,0.009413,0.000000,6.150000,0,0
7500,2000,0.40,MEDIUM,CLUSTERED,0.000000,0.000000,1.000000,17.840000,0.000000,0.029553,0.000000,6.150000,0,0
7500,2000,0.40,HIGH,LOW,0.000000,0.000000,0.070000,0.110000,0.000000,0.007104,0.000000,6.150000,0,0
7500,2000,0.40,HIGH,MODERATE,0.000000,0.000000,1.000000,8.660000,0.000000,0.009443,0.000000,6.150000,0,0
7500,2000,0.40,HIGH,CLUSTERED,0.000000,0.000000,1.000000,18.500000,0.000000,0.030816,0.000000,6.150000,0,0
7500,2000,0.50,LOW,LOW,0.000000,0.000000,0.000000,0.000000,0.000000,0.007965,0.000000,6.750000,0,0
7500,2000,0.50,LOW,MODERATE,0.000000,0.000000,0.000000,0.000000,0.000000,0.010257,0.000000,6.750000,0,0
7500,2000,0.50,LOW,CLUSTERED,0.000000,0.000000,1.000000,5.670000,0.060000,0.025986,0.000000,6.750000,0,0
7500,2000,0.50,MEDIUM,LOW,0.000000,0.000000,0.000000,0.000000,0.000000,0.007931,0.000000,6.750000,0,0
7500,2000,0.50,MEDIUM,MODERATE,0.000000,0.000000,0.000000,0.000000,0.000000,0.010201,0.000000,6.750000,0,0
7500,2000,0.50,MEDIUM,CLUSTERED,0.000000,0.000000,1.000000,5.730000,0.000000,0.025907,0.000000,6.750000,0,0
7500,2000,0.50,HIGH,LOW,0.000000,0.000000,0.000000,0.000000,0.000000,0.007886,0.000000,6.750000,0,0
7500,2000,0.50,HIGH,MODERATE,0.000000,0.000000,0.000000,0.000000,0.000000,0.010226,0.000000,6.750000,0,0
7500,2000,0.50,HIGH,CLUSTERED,0.000000,0.000000,1.000000,6.210000,0.000000,0.026588,0.000000,6.750000,0,0
7500,2000,0.60,LOW,LOW,0.000000,0.000000,0.000000,0.000000,0.000000,0.008153,0.000000,7.350000,0,0
7500,2000,0.60,LOW,MODERATE,0.000000,0.000000,0.000000,0.000000,0.000000,0.010761,0.000000,7.350000,0,0
7500,2000,0.60,LOW,CLUSTERED,0.000000,0.000000,0.000000,0.000000,0.000000,0.023778,0.000000,7.350000,0,0
7500,2000,0.60,MEDIUM,LOW,0.000000,0.000000,0.000000,0.000000,0.000000,0.008253,0.000000,7.350000,0,0
7500,2000,0.60,MEDIUM,MODERATE,0.000000,0.000000,0.000000,0.000000,0.000000,0.010857,0.000000,7.350000,0,0
7500,2000,0.60,MEDIUM,CLUSTERED,0.000000,0.000000,0.000000,0.000000,0.000000,0.023929,0.000000,7.350000,0,0
7500,2000,0.60,HIGH,LOW,0.000000,0.000000,0.000000,0.000000,0.000000,0.008263,0.000000,7.350000,0,0
7500,2000,0.60,HIGH,MODERATE,0.000000,0.000000,0.000000,0.000000,0.000000,0.010937,0.000000,7.350000,0,0
7500,2000,0.60,HIGH,CLUSTERED,0.000000,0.000000,0.000000,0.000000,0.000000,0.024618,0.000000,7.350000,0,0
8000,1000,0.30,LOW,LOW,0.000000,0.000000,0.000000,0.000000,0.000000,0.008772,0.000000,5.500000,0,0
8000,1000,0.30,LOW,MODERATE,0.000000,0.000000,0.910000,2.120000,0.000000,0.012552,0.000000,5.500000,0,0
8000,1000,0.30,LOW,CLUSTERED,0.180000,0.180000,1.000000,17.310000,0.000000,0.140375,0.000060,5.499010,0,0
8000,1000,0.30,MEDIUM,LOW,0.000000,0.000000,0.000000,0.000000,0.000000,0.008937,0.000000,5.500000,0,0
8000,1000,0.30,MEDIUM,MODERATE,0.000000,0.000000,0.860000,2.140000,0.000000,0.012490,0.000000,5.500000,0,0
8000,1000,0.30,MEDIUM,CLUSTERED,0.240000,0.240000,1.000000,17.380000,0.000000,0.149428,0.000110,5.498184,0,0
8000,1000,0.30,HIGH,LOW,0.000000,0.000000,0.000000,0.000000,0.000000,0.008696,0.000000,5.500000,0,0
8000,1000,0.30,HIGH,MODERATE,0.000000,0.000000,0.880000,2.120000,0.000000,0.012367,0.000000,5.500000,0,0
8000,1000,0.30,HIGH,CLUSTERED,0.580000,0.580000,1.000000,17.550000,0.000000,0.168235,0.000382,5.493705,0,0
8000,1000,0.40,LOW,LOW,0.000000,0.000000,0.000000,0.000000,0.000000,0.009240,0.000000,6.100000,0,0
8000,1000,0.40,LOW,MODERATE,0.000000,0.000000,0.000000,0.000000,0.000000,0.012323,0.000000,6.100000,0,0
8000,1000,0.40,LOW,CLUSTERED,0.000000,0.000000,1.000000,7.620000,0.000000,0.043514,0.000000,6.100000,0,0
8000,1000,0.40,MEDIUM,LOW,0.000000,0.000000,0.000000,0.000000,0.000000,0.008956,0.000000,6.100000,0,0
8000,1000,0.40,MEDIUM,MODERATE,0.000000,0.000000,0.000000,0.000000,0.000000,0.012455,0.000000,6.100000,0,0
8000,1000,0.40,MEDIUM,CLUSTERED,0.000000,0.000000,1.000000,7.730000,0.000000,0.045208,0.000000,6.100000,0,0
8000,1000,0.40,HIGH,LOW,0.000000,0.000000,0.000000,0.000000,0.000000,0.009170,0.000000,6.100000,0,0
8000,1000,0.40,HIGH,MODERATE,0.000000,0.000000,0.000000,0.000000,0.000000,0.012269,0.000000,6.100000,0,0
8000,1000,0.40,HIGH,CLUSTERED,0.000000,0.000000,1.000000,7.980000,0.000000,0.046366,0.000000,6.100000,0,0
8000,1000,0.50,LOW,LOW,0.000000,0.000000,0.000000,0.000000,0.000000,0.009870,0.000000,6.700000,0,0
8000,1000,0.50,LOW,MODERATE,0.000000,0.000000,0.000000,0.000000,0.000000,0.013285,0.000000,6.700000,0,0
8000,1000,0.50,LOW,CLUSTERED,0.000000,0.000000,0.000000,0.000000,0.000000,0.034212,0.000000,6.700000,0,0
8000,1000,0.50,MEDIUM,LOW,0.000000,0.000000,0.000000,0.000000,0.000000,0.010136,0.000000,6.700000,0,0
8000,1000,0.50,MEDIUM,MODERATE,0.000000,0.000000,0.000000,0.000000,0.000000,0.013213,0.000000,6.700000,0,0
8000,1000,0.50,MEDIUM,CLUSTERED,0.000000,0.000000,0.000000,0.000000,0.000000,0.034498,0.000000,6.700000,0,0
8000,1000,0.50,HIGH,LOW,0.000000,0.000000,0.000000,0.000000,0.000000,0.009927,0.000000,6.700000,0,0
8000,1000,0.50,HIGH,MODERATE,0.000000,0.000000,0.000000,0.000000,0.000000,0.013413,0.000000,6.700000,0,0
8000,1000,0.50,HIGH,CLUSTERED,0.000000,0.000000,0.000000,0.000000,0.000000,0.035169,0.000000,6.700000,0,0
8000,1000,0.60,LOW,LOW,0.000000,0.000000,0.000000,0.000000,0.000000,0.010599,0.000000,7.300000,0,0
8000,1000,0.60,LOW,MODERATE,0.000000,0.000000,0.000000,0.000000,0.000000,0.013727,0.000000,7.300000,0,0
8000,1000,0.60,LOW,CLUSTERED,0.000000,0.000000,0.000000,0.000000,0.000000,0.029835,0.000000,7.300000,0,0
8000,1000,0.60,MEDIUM,LOW,0.000000,0.000000,0.000000,0.000000,0.000000,0.010349,0.000000,7.300000,0,0
8000,1000,0.60,MEDIUM,MODERATE,0.000000,0.000000,0.000000,0.000000,0.000000,0.013912,0.000000,7.300000,0,0
8000,1000,0.60,MEDIUM,CLUSTERED,0.000000,0.000000,0.000000,0.000000,0.000000,0.030058,0.000000,7.300000,0,0
8000,1000,0.60,HIGH,LOW,0.000000,0.000000,0.000000,0.000000,0.000000,0.010320,0.000000,7.300000,0,0
8000,1000,0.60,HIGH,MODERATE,0.000000,0.000000,0.000000,0.000000,0.000000,0.013765,0.000000,7.300000,0,0
8000,1000,0.60,HIGH,CLUSTERED,0.000000,0.000000,0.000000,0.000000,0.000000,0.029991,0.000000,7.300000,0,0
8000,1500,0.30,LOW,LOW,0.000000,0.000000,1.000000,12.800000,0.000000,0.008643,0.000000,5.500000,0,0
8000,1500,0.30,LOW,MODERATE,0.000000,0.000000,1.000000,19.450000,0.000000,0.012468,0.000000,5.500000,0,0
8000,1500,0.30,LOW,CLUSTERED,0.150000,0.170000,1.000000,27.120000,0.000000,0.142412,0.000030,5.499507,0,0
8000,1500,0.30,MEDIUM,LOW,0.000000,0.000000,1.000000,13.170000,0.000000,0.008833,0.000000,5.500000,0,0
8000,1500,0.30,MEDIUM,MODERATE,0.000000,0.000000,1.000000,19.720000,0.000000,0.012400,0.000000,5.500000,0,0
8000,1500,0.30,MEDIUM,CLUSTERED,0.230000,0.230000,1.000000,27.100000,0.000000,0.150364,0.000068,5.498874,0,0
8000,1500,0.30,HIGH,LOW,0.000000,0.000000,1.000000,13.110000,0.000000,0.008757,0.000000,5.500000,0,0
8000,1500,0.30,HIGH,MODERATE,0.000000,0.000000,1.000000,19.670000,0.000000,0.012458,0.000000,5.500000,0,0
8000,1500,0.30,HIGH,CLUSTERED,0.510000,0.520000,1.000000,27.210000,0.000000,0.166550,0.000308,5.494911,0,0
8000,1500,0.40,LOW,LOW,0.000000,0.000000,0.480000,0.960000,0.000000,0.009155,0.000000,6.100000,0,0
8000,1500,0.40,LOW,MODERATE,0.000000,0.000000,1.000000,10.390000,0.000000,0.011954,0.000000,6.100000,0,0
8000,1500,0.40,LOW,CLUSTERED,0.000000,0.000000,1.000000,17.850000,0.000000,0.044273,0.000000,6.100000,0,0
8000,1500,0.40,MEDIUM,LOW,0.000000,0.000000,0.530000,1.060000,0.000000,0.009007,0.000000,6.100000,0,0
8000,1500,0.40,MEDIUM,MODERATE,0.000000,0.000000,1.000000,10.510000,0.000000,0.012081,0.000000,6.100000,0,0
8000,1500,0.40,MEDIUM,CLUSTERED,0.000000,0.000000,1.000000,20.510000,0.000000,0.045358,0.000000,6.100000,0,0
8000,1500,0.40,HIGH,LOW,0.000000,0.000000,0.520000,1.000000,0.000000,0.009204,0.000000,6.100000,0,0
8000,1500,0.40,HIGH,MODERATE,0.000000,0.000000,1.000000,10.650000,0.000000,0.012320,0.000000,6.100000,0,0
8000,1500,0.40,HIGH,CLUSTERED,0.000000,0.000000,1.000000,21.710000,0.000000,0.046645,0.000000,6.100000,0,0
8000,1500,0.50,LOW,LOW,0.000000,0.000000,0.000000,0.000000,0.000000,0.009789,0.000000,6.700000,0,0
8000,1500,0.50,LOW,MODERATE,0.000000,0.000000,0.000000,0.000000,0.000000,0.013191,0.000000,6.700000,0,0
8000,1500,0.50,LOW,CLUSTERED,0.000000,0.000000,1.000000,7.990000,0.480000,0.034643,0.000000,6.700000,0,0
8000,1500,0.50,MEDIUM,LOW,0.000000,0.000000,0.000000,0.000000,0.000000,0.009968,0.000000,6.700000,0,0
8000,1500,0.50,MEDIUM,MODERATE,0.000000,0.000000,0.000000,0.000000,0.000000,0.013254,0.000000,6.700000,0,0
8000,1500,0.50,MEDIUM,CLUSTERED,0.000000,0.000000,1.000000,7.940000,0.420000,0.034281,0.000000,6.700000,0,0
8000,1500,0.50,HIGH,LOW,0.000000,0.000000,0.000000,0.000000,0.000000,0.009950,0.000000,6.700000,0,0
8000,1500,0.50,HIGH,MODERATE,0.000000,0.000000,0.000000,0.000000,0.000000,0.013290,0.000000,6.700000,0,0
8000,1500,0.50,HIGH,CLUSTERED,0.000000,0.000000,1.000000,8.150000,0.510000,0.034896,0.000000,6.700000,0,0
8000,1500,0.60,LOW,LOW,0.000000,0.000000,0.000000,0.000000,0.000000,0.010410,0.000000,7.300000,0,0
8000,1500,0.60,LOW,MODERATE,0.000000,0.000000,0.000000,0.000000,0.000000,0.013731,0.000000,7.300000,0,0
8000,1500,0.60,LOW,CLUSTERED,0.000000,0.000000,0.000000,0.000000,0.000000,0.030291,0.000000,7.300000,0,0
8000,1500,0.60,MEDIUM,LOW,0.000000,0.000000,0.000000,0.000000,0.000000,0.010266,0.000000,7.300000,0,0
8000,1500,0.60,MEDIUM,MODERATE,0.000000,0.000000,0.000000,0.000000,0.000000,0.013540,0.000000,7.300000,0,0
8000,1500,0.60,MEDIUM,CLUSTERED,0.000000,0.000000,0.000000,0.000000,0.000000,0.029998,0.000000,7.300000,0,0
8000,1500,0.60,HIGH,LOW,0.000000,0.000000,0.000000,0.000000,0.000000,0.010245,0.000000,7.300000,0,0
8000,1500,0.60,HIGH,MODERATE,0.000000,0.000000,0.000000,0.000000,0.000000,0.013525,0.000000,7.300000,0,0
8000,1500,0.60,HIGH,CLUSTERED,0.000000,0.000000,0.000000,0.000000,0.000000,0.030704,0.000000,7.300000,0,0
8000,2000,0.30,LOW,LOW,0.000000,0.000000,1.000000,36.000000,0.000000,0.008788,0.000000,5.500000,0,0
8000,2000,0.30,LOW,MODERATE,0.000000,0.000000,1.000000,36.000000,0.000000,0.012275,0.000000,5.500000,0,0
8000,2000,0.30,LOW,CLUSTERED,0.170000,0.170000,1.000000,36.000000,0.000000,0.141936,0.000054,5.499101,0,0
8000,2000,0.30,MEDIUM,LOW,0.000000,0.000000,1.000000,36.000000,0.000000,0.008826,0.000000,5.500000,0,0
8000,2000,0.30,MEDIUM,MODERATE,0.000000,0.000000,1.000000,36.000000,0.000000,0.012457,0.000000,5.500000,0,0
8000,2000,0.30,MEDIUM,CLUSTERED,0.150000,0.160000,1.000000,36.000000,0.000000,0.148724,0.000049,5.499187,0,0
8000,2000,0.30,HIGH,LOW,0.000000,0.000000,1.000000,36.000000,0.000000,0.008703,0.000000,5.500000,0,0
8000,2000,0.30,HIGH,MODERATE,0.000000,0.000000,1.000000,36.000000,0.000000,0.012384,0.000000,5.500000,0,0
8000,2000,0.30,HIGH,CLUSTERED,0.490000,0.500000,1.000000,36.000000,0.000000,0.163741,0.000280,5.495380,0,0
8000,2000,0.40,LOW,LOW,0.000000,0.000000,1.000000,36.000000,0.000000,0.009312,0.000000,6.100000,0,0
8000,2000,0.40,LOW,MODERATE,0.000000,0.000000,1.000000,36.000000,0.000000,0.012286,0.000000,6.100000,0,0
8000,2000,0.40,LOW,CLUSTERED,0.000000,0.000000,1.000000,36.000000,0.000000,0.044364,0.000000,6.100000,0,0
8000,2000,0.40,MEDIUM,LOW,0.000000,0.000000,1.000000,36.000000,0.000000,0.009243,0.000000,6.100000,0,0
8000,2000,0.40,MEDIUM,MODERATE,0.000000,0.000000,1.000000,36.000000,0.000000,0.012527,0.000000,6.100000,0,0
8000,2000,0.40,MEDIUM,CLUSTERED,0.000000,0.000000,1.000000,36.000000,0.000000,0.044825,0.000000,6.100000,0,0
8000,2000,0.40,HIGH,LOW,0.000000,0.000000,1.000000,36.000000,0.000000,0.009311,0.000000,6.100000,0,0
8000,2000,0.40,HIGH,MODERATE,0.000000,0.000000,1.000000,36.000000,0.000000,0.012634,0.000000,6.100000,0,0
8000,2000,0.40,HIGH,CLUSTERED,0.000000,0.000000,1.000000,36.000000,0.000000,0.047156,0.000000,6.100000,0,0
8000,2000,0.50,LOW,LOW,0.000000,0.000000,1.000000,36.000000,0.000000,0.009906,0.000000,6.700000,0,0
8000,2000,0.50,LOW,MODERATE,0.000000,0.000000,1.000000,36.000000,0.000000,0.013119,0.000000,6.700000,0,0
8000,2000,0.50,LOW,CLUSTERED,0.000000,0.000000,1.000000,36.000000,0.000000,0.034094,0.000000,6.700000,0,0
8000,2000,0.50,MEDIUM,LOW,0.000000,0.000000,1.000000,36.000000,0.000000,0.009913,0.000000,6.700000,0,0
8000,2000,0.50,MEDIUM,MODERATE,0.000000,0.000000,1.000000,36.000000,0.000000,0.013444,0.000000,6.700000,0,0
8000,2000,0.50,MEDIUM,CLUSTERED,0.000000,0.000000,1.000000,36.000000,0.000000,0.034729,0.000000,6.700000,0,0
8000,2000,0.50,HIGH,LOW,0.000000,0.000000,1.000000,36.000000,0.000000,0.009910,0.000000,6.700000,0,0
8000,2000,0.50,HIGH,MODERATE,0.000000,0.000000,1.000000,36.000000,0.000000,0.013550,0.000000,6.700000,0,0
8000,2000,0.50,HIGH,CLUSTERED,0.000000,0.000000,1.000000,36.000000,0.000000,0.035387,0.000000,6.700000,0,0
8000,2000,0.60,LOW,LOW,0.000000,0.000000,1.000000,35.400000,0.000000,0.010207,0.000000,7.300000,0,0
8000,2000,0.60,LOW,MODERATE,0.000000,0.000000,1.000000,35.700000,0.000000,0.013880,0.000000,7.300000,0,0
8000,2000,0.60,LOW,CLUSTERED,0.000000,0.000000,1.000000,34.770000,0.000000,0.029529,0.000000,7.300000,0,0
8000,2000,0.60,MEDIUM,LOW,0.000000,0.000000,1.000000,35.550000,0.000000,0.010341,0.000000,7.300000,0,0
8000,2000,0.60,MEDIUM,MODERATE,0.000000,0.000000,1.000000,35.140000,0.000000,0.013526,0.000000,7.300000,0,0
8000,2000,0.60,MEDIUM,CLUSTERED,0.000000,0.000000,1.000000,35.030000,0.000000,0.030062,0.000000,7.300000,0,0
8000,2000,0.60,HIGH,LOW,0.000000,0.000000,1.000000,35.320000,0.000000,0.010556,0.000000,7.300000,0,0
8000,2000,0.60,HIGH,MODERATE,0.000000,0.000000,1.000000,35.310000,0.000000,0.013733,0.000000,7.300000,0,0
8000,2000,0.60,HIGH,CLUSTERED,0.000000,0.000000,1.000000,35.230000,0.000000,0.030309,0.000000,7.300000,0,0
8500,1000,0.30,LOW,LOW,0.000000,0.000000,1.000000,14.470000,0.000000,0.014198,0.000000,5.450000,0,0
8500,1000,0.30,LOW,MODERATE,0.000000,0.000000,1.000000,20.740000,0.000000,0.025593,0.000000,5.450000,0,0
8500,1000,0.30,LOW,CLUSTERED,1.000000,1.000000,1.000000,27.520000,0.000000,0.218095,0.003851,5.301003,0,0
8500,1000,0.30,MEDIUM,LOW,0.000000,0.000000,1.000000,14.380000,0.000000,0.013955,0.000000,5.450000,0,0
8500,1000,0.30,MEDIUM,MODERATE,0.000000,0.000000,1.000000,20.740000,0.000000,0.025299,0.000000,5.450000,0,0
8500,1000,0.30,MEDIUM,CLUSTERED,1.000000,1.000000,1.000000,27.560000,0.000000,0.215314,0.003893,5.298110,0,0
8500,1000,0.30,HIGH,LOW,0.000000,0.000000,1.000000,14.440000,0.000000,0.013946,0.000000,5.450000,0,0
8500,1000,0.30,HIGH,MODERATE,0.000000,0.000000,1.000000,20.670000,0.000000,0.025271,0.000000,5.450000,0,0
8500,1000,0.30,HIGH,CLUSTERED,1.000000,1.000000,1.000000,27.590000,0.000000,0.215064,0.004022,5.291678,0,0
8500,1000,0.40,LOW,LOW,0.000000,0.000000,0.860000,2.730000,0.000000,0.013065,0.000000,6.050000,0,0
8500,1000,0.40,LOW,MODERATE,0.000000,0.000000,1.000000,12.400000,0.000000,0.018991,0.000000,6.050000,0,0
8500,1000,0.40,LOW,CLUSTERED,0.000000,0.000000,1.000000,22.870000,0.000000,0.102521,0.000000,6.050000,0,0
8500,1000,0.40,MEDIUM,LOW,0.000000,0.000000,0.860000,2.760000,0.000000,0.013253,0.000000,6.050000,0,0
8500,1000,0.40,MEDIUM,MODERATE,0.000000,0.000000,1.000000,12.140000,0.000000,0.018297,0.000000,6.050000,0,0
8500,1000,0.40,MEDIUM,CLUSTERED,0.000000,0.000000,1.000000,21.940000,0.000000,0.110326,0.000000,6.050000,0,0
8500,1000,0.40,HIGH,LOW,0.000000,0.000000,0.890000,2.860000,0.000000,0.013117,0.000000,6.050000,0,0
8500,1000,0.40,HIGH,MODERATE,0.000000,0.000000,1.000000,12.520000,0.000000,0.018711,0.000000,6.050000,0,0
8500,1000,0.40,HIGH,CLUSTERED,0.000000,0.000000,1.000000,22.840000,0.000000,0.112054,0.000000,6.050000,0,0
8500,1000,0.50,LOW,LOW,0.000000,0.000000,0.000000,0.000000,0.000000,0.013535,0.000000,6.650000,0,0
8500,1000,0.50,LOW,MODERATE,0.000000,0.000000,0.000000,0.000000,0.000000,0.018353,0.000000,6.650000,0,0
8500,1000,0.50,LOW,CLUSTERED,0.000000,0.000000,1.000000,8.990000,0.910000,0.051840,0.000000,6.650000,0,0
8500,1000,0.50,MEDIUM,LOW,0.000000,0.000000,0.000000,0.000000,0.000000,0.014100,0.000000,6.650000,0,0
8500,1000,0.50,MEDIUM,MODERATE,0.000000,0.000000,0.000000,0.000000,0.000000,0.018552,0.000000,6.650000,0,0
8500,1000,0.50,MEDIUM,CLUSTERED,0.000000,0.000000,1.000000,8.750000,0.880000,0.053573,0.000000,6.650000,0,0
8500,1000,0.50,HIGH,LOW,0.000000,0.000000,0.000000,0.000000,0.000000,0.013821,0.000000,6.650000,0,0
8500,1000,0.50,HIGH,MODERATE,0.000000,0.000000,0.000000,0.000000,0.000000,0.019020,0.000000,6.650000,0,0
8500,1000,0.50,HIGH,CLUSTERED,0.000000,0.000000,1.000000,9.020000,0.730000,0.052559,0.000000,6.650000,0,0
8500,1000,0.60,LOW,LOW,0.000000,0.000000,0.000000,0.000000,0.000000,0.013930,0.000000,7.250000,0,0
8500,1000,0.60,LOW,MODERATE,0.000000,0.000000,0.000000,0.000000,0.000000,0.018308,0.000000,7.250000,0,0
8500,1000,0.60,LOW,CLUSTERED,0.000000,0.000000,0.000000,0.000000,0.000000,0.040574,0.000000,7.250000,0,0
8500,1000,0.60,MEDIUM,LOW,0.000000,0.000000,0.000000,0.000000,0.000000,0.013883,0.000000,7.250000,0,0
8500,1000,0.60,MEDIUM,MODERATE,0.000000,0.000000,0.000000,0.000000,0.000000,0.018540,0.000000,7.250000,0,0
8500,1000,0.60,MEDIUM,CLUSTERED,0.000000,0.000000,0.000000,0.000000,0.000000,0.041700,0.000000,7.250000,0,0
8500,1000,0.60,HIGH,LOW,0.000000,0.000000,0.000000,0.000000,0.000000,0.013753,0.000000,7.250000,0,0
8500,1000,0.60,HIGH,MODERATE,0.000000,0.000000,0.000000,0.000000,0.000000,0.018566,0.000000,7.250000,0,0
8500,1000,0.60,HIGH,CLUSTERED,0.000000,0.000000,0.000000,0.000000,0.000000,0.041087,0.000000,7.250000,0,0
8500,1500,0.30,LOW,LOW,0.000000,0.000000,1.000000,36.000000,0.000000,0.013760,0.000000,5.450000,0,0
8500,1500,0.30,LOW,MODERATE,0.000000,0.000000,1.000000,36.000000,0.000000,0.025443,0.000000,5.450000,0,0
8500,1500,0.30,LOW,CLUSTERED,1.000000,1.000000,1.000000,36.000000,0.000000,0.215196,0.003814,5.302591,0,0
8500,1500,0.30,MEDIUM,LOW,0.000000,0.000000,1.000000,36.000000,0.000000,0.014004,0.000000,5.450000,0,0
8500,1500,0.30,MEDIUM,MODERATE,0.000000,0.000000,1.000000,36.000000,0.000000,0.024736,0.000000,5.450000,0,0
8500,1500,0.30,MEDIUM,CLUSTERED,1.000000,1.000000,1.000000,36.000000,0.000000,0.213267,0.003863,5.297714,0,0
8500,1500,0.30,HIGH,LOW,0.000000,0.000000,1.000000,36.000000,0.000000,0.013783,0.000000,5.450000,0,0
8500,1500,0.30,HIGH,MODERATE,0.000000,0.000000,1.000000,36.000000,0.000000,0.025746,0.000000,5.450000,0,0
8500,1500,0.30,HIGH,CLUSTERED,1.000000,1.000000,1.000000,36.000000,0.000000,0.213736,0.004010,5.289379,0,0
8500,1500,0.40,LOW,LOW,0.000000,0.000000,1.000000,36.000000,0.000000,0.013098,0.000000,6.050000,0,0
8500,1500,0.40,LOW,MODERATE,0.000000,0.000000,1.000000,36.000000,0.000000,0.018431,0.000000,6.050000,0,0
8500,1500,0.40,LOW,CLUSTERED,0.000000,0.000000,1.000000,36.000000,0.000000,0.103231,0.000000,6.050000,0,0
8500,1500,0.40,MEDIUM,LOW,0.000000,0.000000,1.000000,36.000000,0.000000,0.013065,0.000000,6.050000,0,0
8500,1500,0.40,MEDIUM,MODERATE,0.000000,0.000000,1.000000,36.000000,0.000000,0.019118,0.000000,6.050000,0,0
8500,1500,0.40,MEDIUM,CLUSTERED,0.000000,0.000000,1.000000,36.000000,0.000000,0.107975,0.000000,6.050000,0,0
8500,1500,0.40,HIGH,LOW,0.000000,0.000000,1.000000,36.000000,0.000000,0.013239,0.000000,6.050000,0,0
8500,1500,0.40,HIGH,MODERATE,0.000000,0.000000,1.000000,36.000000,0.000000,0.018924,0.000000,6.050000,0,0
8500,1500,0.40,HIGH,CLUSTERED,0.000000,0.000000,1.000000,36.000000,0.000000,0.116656,0.000000,6.050000,0,0
8500,1500,0.50,LOW,LOW,0.000000,0.000000,1.000000,36.000000,0.000000,0.013575,0.000000,6.650000,0,0
8500,1500,0.50,LOW,MODERATE,0.000000,0.000000,1.000000,36.000000,0.000000,0.018743,0.000000,6.650000,0,0
8500,1500,0.50,LOW,CLUSTERED,0.000000,0.000000,1.000000,36.000000,0.000000,0.050772,0.000000,6.650000,0,0
8500,1500,0.50,MEDIUM,LOW,0.000000,0.000000,1.000000,36.000000,0.000000,0.013828,0.000000,6.650000,0,0
8500,1500,0.50,MEDIUM,MODERATE,0.000000,0.000000,1.000000,36.000000,0.000000,0.018390,0.000000,6.650000,0,0
8500,1500,0.50,MEDIUM,CLUSTERED,0.000000,0.000000,1.000000,36.000000,0.000000,0.052060,0.000000,6.650000,0,0
8500,1500,0.50,HIGH,LOW,0.000000,0.000000,1.000000,36.000000,0.000000,0.013608,0.000000,6.650000,0,0
8500,1500,0.50,HIGH,MODERATE,0.000000,0.000000,1.000000,36.000000,0.000000,0.018660,0.000000,6.650000,0,0
8500,1500,0.50,HIGH,CLUSTERED,0.000000,0.000000,1.000000,36.000000,0.000000,0.053843,0.000000,6.650000,0,0
8500,1500,0.60,LOW,LOW,0.000000,0.000000,1.000000,35.380000,0.000000,0.014018,0.000000,7.250000,0,0
8500,1500,0.60,LOW,MODERATE,0.000000,0.000000,1.000000,35.220000,0.000000,0.018750,0.000000,7.250000,0,0
8500,1500,0.60,LOW,CLUSTERED,0.000000,0.000000,1.000000,35.530000,0.000000,0.041103,0.000000,7.250000,0,0
8500,1500,0.60,MEDIUM,LOW,0.000000,0.000000,1.000000,35.130000,0.000000,0.014016,0.000000,7.250000,0,0
8500,1500,0.60,MEDIUM,MODERATE,0.000000,0.000000,1.000000,35.630000,0.330000,0.018420,0.000000,7.250000,0,0
8500,1500,0.60,MEDIUM,CLUSTERED,0.000000,0.000000,1.000000,35.200000,0.000000,0.041295,0.000000,7.250000,0,0
8500,1500,0.60,HIGH,LOW,0.000000,0.000000,1.000000,35.320000,0.000000,0.013709,0.000000,7.250000,0,0
8500,1500,0.60,HIGH,MODERATE,0.000000,0.000000,1.000000,35.270000,0.000000,0.018620,0.000000,7.250000,0,0
8500,1500,0.60,HIGH,CLUSTERED,0.000000,0.000000,1.000000,35.210000,0.000000,0.041403,0.000000,7.250000,0,0
8500,2000,0.30,LOW,LOW,0.000000,0.000000,1.000000,36.000000,0.000000,0.013732,0.000000,5.450000,0,0
8500,2000,0.30,LOW,MODERATE,0.000000,0.000000,1.000000,36.000000,0.000000,0.025357,0.000000,5.450000,0,0
8500,2000,0.30,LOW,CLUSTERED,1.000000,1.000000,1.000000,36.000000,0.000000,0.216867,0.003778,5.302669,0,0
8500,2000,0.30,MEDIUM,LOW,0.000000,0.000000,1.000000,36.000000,0.000000,0.014398,0.000000,5.450000,0,0
8500,2000,0.30,MEDIUM,MODERATE,0.000000,0.000000,1.000000,36.000000,0.000000,0.025590,0.000000,5.450000,0,0
8500,2000,0.30,MEDIUM,CLUSTERED,1.000000,1.000000,1.000000,36.000000,0.000000,0.219311,0.003882,5.296799,0,0
8500,2000,0.30,HIGH,LOW,0.000000,0.000000,1.000000,36.000000,0.000000,0.013976,0.000000,5.450000,0,0
8500,2000,0.30,HIGH,MODERATE,0.000000,0.000000,1.000000,36.000000,0.000000,0.025281,0.000000,5.450000,0,0
8500,2000,0.30,HIGH,CLUSTERED,1.000000,1.000000,1.000000,36.000000,0.000000,0.213653,0.003935,5.290738,0,0
8500,2000,0.40,LOW,LOW,0.000000,0.000000,1.000000,36.000000,0.000000,0.013198,0.000000,6.050000,0,0
8500,2000,0.40,LOW,MODERATE,0.000000,0.000000,1.000000,36.000000,0.000000,0.018577,0.000000,6.050000,0,0
8500,2000,0.40,LOW,CLUSTERED,0.000000,0.000000,1.000000,36.000000,0.000000,0.103664,0.000000,6.050000,0,0
8500,2000,0.40,MEDIUM,LOW,0.000000,0.000000,1.000000,36.000000,0.000000,0.013143,0.000000,6.050000,0,0
8500,2000,0.40,MEDIUM,MODERATE,0.000000,0.000000,1.000000,36.000000,0.000000,0.018447,0.000000,6.050000,0,0
8500,2000,0.40,MEDIUM,CLUSTERED,0.000000,0.000000,1.000000,36.000000,0.000000,0.106278,0.000000,6.050000,0,0
8500,2000,0.40,HIGH,LOW,0.000000,0.000000,1.000000,36.000000,0.000000,0.013178,0.000000,6.050000,0,0
8500,2000,0.40,HIGH,MODERATE,0.000000,0.000000,1.000000,36.000000,0.000000,0.018794,0.000000,6.050000,0,0
8500,2000,0.40,HIGH,CLUSTERED,0.000000,0.000000,1.000000,36.000000,0.000000,0.117342,0.000000,6.050000,0,0
8500,2000,0.50,LOW,LOW,0.000000,0.000000,1.000000,36.000000,0.000000,0.013551,0.000000,6.650000,0,0
8500,2000,0.50,LOW,MODERATE,0.000000,0.000000,1.000000,36.000000,0.000000,0.018618,0.000000,6.650000,0,0
8500,2000,0.50,LOW,CLUSTERED,0.000000,0.000000,1.000000,36.000000,0.000000,0.051602,0.000000,6.650000,0,0
8500,2000,0.50,MEDIUM,LOW,0.000000,0.000000,1.000000,36.000000,0.000000,0.013722,0.000000,6.650000,0,0
8500,2000,0.50,MEDIUM,MODERATE,0.000000,0.000000,1.000000,36.000000,0.000000,0.018719,0.000000,6.650000,0,0
8500,2000,0.50,MEDIUM,CLUSTERED,0.000000,0.000000,1.000000,36.000000,0.000000,0.052648,0.000000,6.650000,0,0
8500,2000,0.50,HIGH,LOW,0.000000,0.000000,1.000000,36.000000,0.000000,0.013668,0.000000,6.650000,0,0
8500,2000,0.50,HIGH,MODERATE,0.000000,0.000000,1.000000,36.000000,0.000000,0.019135,0.000000,6.650000,0,0
8500,2000,0.50,HIGH,CLUSTERED,0.000000,0.000000,1.000000,36.000000,0.000000,0.053143,0.000000,6.650000,0,0
8500,2000,0.60,LOW,LOW,0.000000,0.000000,1.000000,36.000000,0.000000,0.013684,0.000000,7.250000,0,0
8500,2000,0.60,LOW,MODERATE,0.000000,0.000000,1.000000,36.000000,0.000000,0.018836,0.000000,7.250000,0,0
8500,2000,0.60,LOW,CLUSTERED,0.000000,0.000000,1.000000,36.000000,0.000000,0.040076,0.000000,7.250000,0,0
8500,2000,0.60,MEDIUM,LOW,0.000000,0.000000,1.000000,36.000000,0.000000,0.013928,0.000000,7.250000,0,0
8500,2000,0.60,MEDIUM,MODERATE,0.000000,0.000000,1.000000,36.000000,0.000000,0.018568,0.000000,7.250000,0,0
8500,2000,0.60,MEDIUM,CLUSTERED,0.000000,0.000000,1.000000,36.000000,0.000000,0.041212,0.000000,7.250000,0,0
8500,2000,0.60,HIGH,LOW,0.000000,0.000000,1.000000,36.000000,0.000000,0.013866,0.000000,7.250000,0,0
8500,2000,0.60,HIGH,MODERATE,0.000000,0.000000,1.000000,36.000000,0.000000,0.018203,0.000000,7.250000,0,0
8500,2000,0.60,HIGH,CLUSTERED,0.000000,0.000000,1.000000,36.000000,0.000000,0.041229,0.000000,7.250000,0,0
9000,1000,0.30,LOW,LOW,0.000000,0.000000,1.000000,36.000000,0.000000,0.042597,0.000000,5.400000,0,0
9000,1000,0.30,LOW,MODERATE,1.000000,1.000000,1.000000,36.000000,0.000000,0.224873,0.001283,5.354158,0,0
9000,1000,0.30,LOW,CLUSTERED,1.000000,1.000000,1.000000,36.000000,0.000000,0.244013,0.004979,5.109391,0,0
9000,1000,0.30,MEDIUM,LOW,0.000000,0.000000,1.000000,36.000000,0.000000,0.045674,0.000000,5.400000,0,0
9000,1000,0.30,MEDIUM,MODERATE,1.000000,1.000000,1.000000,36.000000,0.000000,0.213086,0.001268,5.354957,0,0
9000,1000,0.30,MEDIUM,CLUSTERED,1.000000,1.000000,1.000000,36.000000,0.000000,0.247023,0.004996,5.107499,0,0
9000,1000,0.30,HIGH,LOW,0.000000,0.000000,1.000000,36.000000,0.000000,0.044888,0.000000,5.400000,0,0
9000,1000,0.30,HIGH,MODERATE,1.000000,1.000000,1.000000,36.000000,0.000000,0.211057,0.001320,5.351288,0,0
9000,1000,0.30,HIGH,CLUSTERED,1.000000,1.000000,1.000000,36.000000,0.000000,0.248037,0.005140,5.098471,0,0
9000,1000,0.40,LOW,LOW,0.000000,0.000000,1.000000,36.000000,0.000000,0.024208,0.000000,6.000000,0,0
9000,1000,0.40,LOW,MODERATE,0.000000,0.000000,1.000000,36.000000,0.000000,0.042600,0.000000,6.000000,0,0
9000,1000,0.40,LOW,CLUSTERED,1.000000,1.000000,1.000000,36.000000,0.000000,0.389401,0.003371,5.882894,0,0
9000,1000,0.40,MEDIUM,LOW,0.000000,0.000000,1.000000,36.000000,0.000000,0.024535,0.000000,6.000000,0,0
9000,1000,0.40,MEDIUM,MODERATE,0.000000,0.000000,1.000000,36.000000,0.000000,0.043224,0.000000,6.000000,0,0
9000,1000,0.40,MEDIUM,CLUSTERED,1.000000,1.000000,1.000000,36.000000,0.000000,0.361504,0.003443,5.880325,0,0
9000,1000,0.40,HIGH,LOW,0.000000,0.000000,1.000000,36.000000,0.000000,0.023967,0.000000,6.000000,0,0
9000,1000,0.40,HIGH,MODERATE,0.000000,0.000000,1.000000,36.000000,0.000000,0.042269,0.000000,6.000000,0,0
9000,1000,0.40,HIGH,CLUSTERED,1.000000,1.000000,1.000000,36.000000,0.000000,0.505312,0.003589,5.873366,0,0
9000,1000,0.50,LOW,LOW,0.000000,0.000000,1.000000,36.000000,0.000000,0.021887,0.000000,6.600000,0,0
9000,1000,0.50,LOW,MODERATE,0.000000,0.000000,1.000000,36.000000,0.000000,0.031554,0.000000,6.600000,0,0
9000,1000,0.50,LOW,CLUSTERED,0.000000,0.000000,1.000000,36.000000,0.000000,0.105146,0.000000,6.600000,0,0
9000,1000,0.50,MEDIUM,LOW,0.000000,0.000000,1.000000,36.000000,0.000000,0.022119,0.000000,6.600000,0,0
9000,1000,0.50,MEDIUM,MODERATE,0.000000,0.000000,1.000000,36.000000,0.000000,0.030905,0.000000,6.600000,0,0
9000,1000,0.50,MEDIUM,CLUSTERED,0.000000,0.000000,1.000000,36.000000,0.000000,0.106295,0.000000,6.600000,0,0
9000,1000,0.50,HIGH,LOW,0.000000,0.000000,1.000000,36.000000,0.000000,0.022230,0.000000,6.600000,0,0
9000,1000,0.50,HIGH,MODERATE,0.000000,0.000000,1.000000,36.000000,0.000000,0.031138,0.000000,6.600000,0,0
9000,1000,0.50,HIGH,CLUSTERED,0.000000,0.000000,1.000000,36.000000,0.000000,0.112128,0.000000,6.600000,0,0
9000,1000,0.60,LOW,LOW,0.000000,0.000000,1.000000,35.290000,0.000000,0.021267,0.000000,7.200000,0,0
9000,1000,0.60,LOW,MODERATE,0.000000,0.000000,1.000000,35.240000,0.000000,0.028814,0.000000,7.200000,0,0
9000,1000,0.60,LOW,CLUSTERED,0.000000,0.000000,1.000000,35.160000,0.000000,0.065886,0.000000,7.200000,0,0
9000,1000,0.60,MEDIUM,LOW,0.000000,0.000000,1.000000,35.220000,0.000000,0.021186,0.000000,7.200000,0,0
9000,1000,0.60,MEDIUM,MODERATE,0.000000,0.000000,1.000000,35.660000,0.330000,0.028262,0.000000,7.200000,0,0
9000,1000,0.60,MEDIUM,CLUSTERED,0.000000,0.000000,1.000000,35.230000,0.000000,0.064886,0.000000,7.200000,0,0
9000,1000,0.60,HIGH,LOW,0.000000,0.000000,1.000000,35.340000,0.000000,0.021144,0.000000,7.200000,0,0
9000,1000,0.60,HIGH,MODERATE,0.000000,0.000000,1.000000,35.590000,0.320000,0.028131,0.000000,7.200000,0,0
9000,1000,0.60,HIGH,CLUSTERED,0.000000,0.000000,1.000000,35.370000,0.000000,0.066065,0.000000,7.200000,0,0
9000,1500,0.30,LOW,LOW,0.000000,0.000000,1.000000,36.000000,0.000000,0.049008,0.000000,5.400000,0,0
9000,1500,0.30,LOW,MODERATE,1.000000,1.000000,1.000000,36.000000,0.000000,0.213940,0.001340,5.350244,0,0
9000,1500,0.30,LOW,CLUSTERED,1.000000,1.000000,1.000000,36.000000,0.000000,0.242777,0.004930,5.111165,0,0
9000,1500,0.30,MEDIUM,LOW,0.000000,0.000000,1.000000,36.000000,0.000000,0.046523,0.000000,5.400000,0,0
9000,1500,0.30,MEDIUM,MODERATE,1.000000,1.000000,1.000000,36.000000,0.000000,0.217420,0.001311,5.352464,0,0
9000,1500,0.30,MEDIUM,CLUSTERED,1.000000,1.000000,1.000000,36.000000,0.000000,0.243010,0.004990,5.107732,0,0
9000,1500,0.30,HIGH,LOW,0.000000,0.000000,1.000000,36.000000,0.000000,0.045131,0.000000,5.400000,0,0
9000,1500,0.30,HIGH,MODERATE,1.000000,1.000000,1.000000,36.000000,0.000000,0.218142,0.001303,5.352555,0,0
9000,1500,0.30,HIGH,CLUSTERED,1.000000,1.000000,1.000000,36.000000,0.000000,0.245402,0.005107,5.100096,0,0
9000,1500,0.40,LOW,LOW,0.000000,0.000000,1.000000,36.000000,0.000000,0.024528,0.000000,6.000000,0,0
9000,1500,0.40,LOW,MODERATE,0.000000,0.000000,1.000000,36.000000,0.000000,0.043379,0.000000,6.000000,0,0
9000,1500,0.40,LOW,CLUSTERED,1.000000,1.000000,1.000000,36.000000,0.000000,0.323851,0.003383,5.881927,0,0
9000,1500,0.40,MEDIUM,LOW,0.000000,0.000000,1.000000,36.000000,0.000000,0.023972,0.000000,6.000000,0,0
9000,1500,0.40,MEDIUM,MODERATE,0.000000,0.000000,1.000000,36.000000,0.000000,0.042318,0.000000,6.000000,0,0
9000,1500,0.40,MEDIUM,CLUSTERED,1.000000,1.000000,1.000000,36.000000,0.000000,0.372250,0.003396,5.880149,0,0
9000,1500,0.40,HIGH,LOW,0.000000,0.000000,1.000000,36.000000,0.000000,0.024238,0.000000,6.000000,0,0
9000,1500,0.40,HIGH,MODERATE,0.000000,0.000000,1.000000,36.000000,0.000000,0.043354,0.000000,6.000000,0,0
9000,1500,0.40,HIGH,CLUSTERED,1.000000,1.000000,1.000000,36.000000,0.000000,0.474439,0.003575,5.873593,0,0
9000,1500,0.50,LOW,LOW,0.000000,0.000000,1.000000,36.000000,0.000000,0.022710,0.000000,6.600000,0,0
9000,1500,0.50,LOW,MODERATE,0.000000,0.000000,1.000000,36.000000,0.000000,0.031471,0.000000,6.600000,0,0
9000,1500,0.50,LOW,CLUSTERED,0.000000,0.000000,1.000000,36.000000,0.000000,0.108453,0.000000,6.600000,0,0
9000,1500,0.50,MEDIUM,LOW,0.000000,0.000000,1.000000,36.000000,0.000000,0.022325,0.000000,6.600000,0,0
9000,1500,0.50,MEDIUM,MODERATE,0.000000,0.000000,1.000000,36.000000,0.000000,0.031123,0.000000,6.600000,0,0
9000,1500,0.50,MEDIUM,CLUSTERED,0.000000,0.000000,1.000000,36.000000,0.000000,0.107463,0.000000,6.600000,0,0
9000,1500,0.50,HIGH,LOW,0.000000,0.000000,1.000000,36.000000,0.000000,0.022577,0.000000,6.600000,0,0
9000,1500,0.50,HIGH,MODERATE,0.000000,0.000000,1.000000,36.000000,0.000000,0.030734,0.000000,6.600000,0,0
9000,1500,0.50,HIGH,CLUSTERED,0.000000,0.000000,1.000000,36.000000,0.000000,0.115001,0.000000,6.600000,0,0
9000,1500,0.60,LOW,LOW,0.000000,0.000000,1.000000,36.000000,0.000000,0.021819,0.000000,7.200000,0,0
9000,1500,0.60,LOW,MODERATE,0.000000,0.000000,1.000000,36.000000,0.000000,0.028209,0.000000,7.200000,0,0
9000,1500,0.60,LOW,CLUSTERED,0.000000,0.000000,1.000000,36.000000,0.000000,0.064034,0.000000,7.200000,0,0
9000,1500,0.60,MEDIUM,LOW,0.000000,0.000000,1.000000,36.000000,0.000000,0.020576,0.000000,7.200000,0,0
9000,1500,0.60,MEDIUM,MODERATE,0.000000,0.000000,1.000000,36.000000,0.000000,0.028685,0.000000,7.200000,0,0
9000,1500,0.60,MEDIUM,CLUSTERED,0.000000,0.000000,1.000000,36.000000,0.000000,0.065070,0.000000,7.200000,0,0
9000,1500,0.60,HIGH,LOW,0.000000,0.000000,1.000000,36.000000,0.000000,0.021690,0.000000,7.200000,0,0
9000,1500,0.60,HIGH,MODERATE,0.000000,0.000000,1.000000,36.000000,0.000000,0.027967,0.000000,7.200000,0,0
9000,1500,0.60,HIGH,CLUSTERED,0.000000,0.000000,1.000000,36.000000,0.000000,0.065437,0.000000,7.200000,0,0
9000,2000,0.30,LOW,LOW,0.000000,0.000000,1.000000,36.000000,0.000000,0.045408,0.000000,5.400000,0,0
9000,2000,0.30,LOW,MODERATE,1.000000,1.000000,1.000000,36.000000,0.000000,0.213076,0.001302,5.353103,0,0
9000,2000,0.30,LOW,CLUSTERED,1.000000,1.000000,1.000000,36.000000,0.000000,0.247555,0.004964,5.108956,0,0
9000,2000,0.30,MEDIUM,LOW,0.000000,0.000000,1.000000,36.000000,0.000000,0.046330,0.000000,5.400000,0,0
9000,2000,0.30,MEDIUM,MODERATE,1.000000,1.000000,1.000000,36.000000,0.000000,0.215191,0.001322,5.352965,0,0
9000,2000,0.30,MEDIUM,CLUSTERED,1.000000,1.000000,1.000000,36.000000,0.000000,0.247196,0.004948,5.107650,0,0
9000,2000,0.30,HIGH,LOW,0.000000,0.000000,1.000000,36.000000,0.000000,0.045786,0.000000,5.400000,0,0
9000,2000,0.30,HIGH,MODERATE,1.000000,1.000000,1.000000,36.000000,0.000000,0.211041,0.001312,5.351788,0,0
9000,2000,0.30,HIGH,CLUSTERED,1.000000,1.000000,1.000000,36.000000,0.000000,0.248378,0.005177,5.098768,0,0
9000,2000,0.40,LOW,LOW,0.000000,0.000000,1.000000,36.000000,0.000000,0.023055,0.000000,6.000000,0,0
9000,2000,0.40,LOW,MODERATE,0.000000,0.000000,1.000000,36.000000,0.000000,0.042914,0.000000,6.000000,0,0
9000,2000,0.40,LOW,CLUSTERED,1.000000,1.000000,1.000000,36.000000,0.000000,0.337410,0.003341,5.884720,0,0
9000,2000,0.40,MEDIUM,LOW,0.000000,0.000000,1.000000,36.000000,0.000000,0.024303,0.000000,6.000000,0,0
9000,2000,0.40,MEDIUM,MODERATE,0.000000,0.000000,1.000000,36.000000,0.000000,0.042484,0.000000,6.000000,0,0
9000,2000,0.40,MEDIUM,CLUSTERED,1.000000,1.000000,1.000000,36.000000,0.000000,0.331051,0.003432,5.880324,0,0
9000,2000,0.40,HIGH,LOW,0.000000,0.000000,1.000000,36.000000,0.000000,0.024017,0.000000,6.000000,0,0
9000,2000,0.40,HIGH,MODERATE,0.000000,0.000000,1.000000,36.000000,0.000000,0.043357,0.000000,6.000000,0,0
9000,2000,0.40,HIGH,CLUSTERED,1.000000,1.000000,1.000000,36.000000,0.000000,0.393890,0.003598,5.873482,0,0
9000,2000,0.50,LOW,LOW,0.000000,0.000000,1.000000,36.000000,0.000000,0.021876,0.000000,6.600000,0,0
9000,2000,0.50,LOW,MODERATE,0.000000,0.000000,1.000000,36.000000,0.000000,0.030982,0.000000,6.600000,0,0
9000,2000,0.50,LOW,CLUSTERED,0.000000,0.000000,1.000000,36.000000,0.000000,0.108110,0.000000,6.600000,0,0
9000,2000,0.50,MEDIUM,LOW,0.000000,0.000000,1.000000,36.000000,0.000000,0.022806,0.000000,6.600000,0,0
9000,2000,0.50,MEDIUM,MODERATE,0.000000,0.000000,1.000000,36.000000,0.000000,0.030819,0.000000,6.600000,0,0
9000,2000,0.50,MEDIUM,CLUSTERED,0.000000,0.000000,1.000000,36.000000,0.000000,0.109112,0.000000,6.600000,0,0
9000,2000,0.50,HIGH,LOW,0.000000,0.000000,1.000000,36.000000,0.000000,0.022049,0.000000,6.600000,0,0
9000,2000,0.50,HIGH,MODERATE,0.000000,0.000000,1.000000,36.000000,0.000000,0.031310,0.000000,6.600000,0,0
9000,2000,0.50,HIGH,CLUSTERED,0.000000,0.000000,1.000000,36.000000,0.000000,0.113723,0.000000,6.600000,0,0
9000,2000,0.60,LOW,LOW,0.000000,0.000000,1.000000,36.000000,0.000000,0.021121,0.000000,7.200000,0,0
9000,2000,0.60,LOW,MODERATE,0.000000,0.000000,1.000000,36.000000,0.000000,0.028558,0.000000,7.200000,0,0
9000,2000,0.60,LOW,CLUSTERED,0.000000,0.000000,1.000000,36.000000,0.000000,0.064170,0.000000,7.200000,0,0
9000,2000,0.60,MEDIUM,LOW,0.000000,0.000000,1.000000,36.000000,0.000000,0.020864,0.000000,7.200000,0,0
9000,2000,0.60,MEDIUM,MODERATE,0.000000,0.000000,1.000000,36.000000,0.000000,0.028225,0.000000,7.200000,0,0
9000,2000,0.60,MEDIUM,CLUSTERED,0.000000,0.000000,1.000000,36.000000,0.000000,0.064148,0.000000,7.200000,0,0
9000,2000,0.60,HIGH,LOW,0.000000,0.000000,1.000000,36.000000,0.000000,0.020933,0.000000,7.200000,0,0
9000,2000,0.60,HIGH,MODERATE,0.000000,0.000000,1.000000,36.000000,0.000000,0.028373,0.000000,7.200000,0,0
9000,2000,0.60,HIGH,CLUSTERED,0.000000,0.000000,1.000000,36.000000,0.000000,0.063748,0.000000,7.200000,0,0